timestamp,value,classification,date
1517463000,30,Fear,1-2-2018
1517549400,15,Extreme Fear,2-2-2018
1517635800,40,Fear,3-2-2018
1517722200,24,Extreme Fear,4-2-2018
1517808600,11,Extreme Fear,5-2-2018
1517895000,8,Extreme Fear,6-2-2018
1517981400,36,Fear,7-2-2018
1518067800,30,Fear,8-2-2018
1518154200,44,Fear,9-2-2018
1518240600,54,Neutral,10-2-2018
1518327000,31,Fear,11-2-2018
1518413400,42,Fear,12-2-2018
1518499800,35,Fear,2-13-2018
1518586200,55,Greed,2-14-2018
1518672600,71,Greed,2-15-2018
1518759000,67,Greed,2-16-2018
1518845400,74,Greed,2-17-2018
1518931800,63,Greed,2-18-2018
1519018200,67,Greed,2-19-2018
1519104600,74,Greed,2-20-2018
1519191000,54,Neutral,2-21-2018
1519277400,44,Fear,2-22-2018
1519363800,39,Fear,2-23-2018
1519450200,31,Fear,2-24-2018
1519536600,33,Fear,2-25-2018
1519623000,37,Fear,2-26-2018
1519709400,44,Fear,2-27-2018
1519795800,41,Fear,2-28-2018
1519882200,38,Fear,1-3-2018
1519968600,47,Neutral,2-3-2018
1520055000,56,Greed,3-3-2018
1520141400,44,Fear,4-3-2018
1520227800,55,Greed,5-3-2018
1520314200,59,Greed,6-3-2018
1520400600,37,Fear,7-3-2018
1520487000,39,Fear,8-3-2018
1520573400,37,Fear,9-3-2018
1520659800,39,Fear,10-3-2018
1520746200,40,Fear,11-3-2018
1520832600,41,Fear,12-3-2018
1520919000,41,Fear,3-13-2018
1521005400,40,Fear,3-14-2018
1521091800,32,Fear,3-15-2018
1521178200,33,Fear,3-16-2018
1521264600,31,Fear,3-17-2018
1521351000,29,Fear,3-18-2018
1521437400,29,Fear,3-19-2018
1521523800,37,Fear,3-20-2018
1521610200,36,Fear,3-21-2018
1521696600,36,Fear,3-22-2018
1521783000,28,Fear,3-23-2018
1521869400,32,Fear,3-24-2018
1521955800,30,Fear,3-25-2018
1522042200,31,Fear,3-26-2018
1522128600,24,Extreme Fear,3-27-2018
1522215000,24,Extreme Fear,3-28-2018
1522301400,18,Extreme Fear,3-29-2018
1522387800,12,Extreme Fear,3-30-2018
1522474200,16,Extreme Fear,3-31-2018
1522560600,16,Extreme Fear,1-4-2018
1522647000,11,Extreme Fear,2-4-2018
1522733400,22,Extreme Fear,3-4-2018
1522819800,22,Extreme Fear,4-4-2018
1522906200,17,Extreme Fear,5-4-2018
1522992600,19,Extreme Fear,6-4-2018
1523079000,20,Extreme Fear,7-4-2018
1523165400,17,Extreme Fear,8-4-2018
1523251800,21,Extreme Fear,9-4-2018
1523338200,18,Extreme Fear,10-4-2018
1523424600,20,Extreme Fear,11-4-2018
1523511000,18,Extreme Fear,12-4-2018
1523597400,23,Extreme Fear,4-13-2018
1523943000,26,Fear,4-17-2018
1524029400,24,Extreme Fear,4-18-2018
1524115800,25,Fear,4-19-2018
1524202200,26,Fear,4-20-2018
1524288600,32,Fear,4-21-2018
1524375000,31,Fear,4-22-2018
1524461400,28,Fear,4-23-2018
1524547800,29,Fear,4-24-2018
1524634200,64,Greed,4-25-2018
1524720600,47,Neutral,4-26-2018
1524807000,55,Greed,4-27-2018
1524893400,54,Neutral,4-28-2018
1524979800,61,Greed,4-29-2018
1525066200,59,Greed,4-30-2018
1525152600,56,Greed,1-5-2018
1525239000,52,Neutral,2-5-2018
1525325400,55,Greed,3-5-2018
1525411800,56,Greed,4-5-2018
1525498200,63,Greed,5-5-2018
1525584600,67,Greed,6-5-2018
1525671000,56,Greed,7-5-2018
1525757400,62,Greed,8-5-2018
1525843800,53,Neutral,9-5-2018
1525930200,63,Greed,10-5-2018
1526016600,41,Fear,11-5-2018
1526103000,44,Fear,12-5-2018
1526189400,40,Fear,5-13-2018
1526275800,40,Fear,5-14-2018
1526362200,40,Fear,5-15-2018
1526448600,32,Fear,5-16-2018
1526535000,31,Fear,5-17-2018
1526621400,37,Fear,5-18-2018
1526707800,31,Fear,5-19-2018
1526794200,32,Fear,5-20-2018
1526880600,41,Fear,5-21-2018
1526967000,30,Fear,5-22-2018
1527053400,26,Fear,5-23-2018
1527139800,27,Fear,5-24-2018
1527226200,25,Fear,5-25-2018
1527312600,23,Extreme Fear,5-26-2018
1527399000,19,Extreme Fear,5-27-2018
1527485400,22,Extreme Fear,5-28-2018
1527571800,16,Extreme Fear,5-29-2018
1527658200,38,Fear,5-30-2018
1527744600,25,Fear,5-31-2018
1527831000,24,Extreme Fear,1-6-2018
1527917400,27,Fear,2-6-2018
1528003800,40,Fear,3-6-2018
1528090200,41,Fear,4-6-2018
1528176600,26,Fear,5-6-2018
1528263000,42,Fear,6-6-2018
1528349400,38,Fear,7-6-2018
1528435800,40,Fear,8-6-2018
1528522200,39,Fear,9-6-2018
1528608600,24,Extreme Fear,10-6-2018
1528695000,15,Extreme Fear,11-6-2018
1528781400,19,Extreme Fear,12-6-2018
1528867800,19,Extreme Fear,6-13-2018
1528954200,17,Extreme Fear,6-14-2018
1529040600,26,Fear,6-15-2018
1529127000,22,Extreme Fear,6-16-2018
1529213400,23,Extreme Fear,6-17-2018
1529299800,27,Fear,6-18-2018
1529386200,32,Fear,6-19-2018
1529472600,34,Fear,6-20-2018
1529559000,37,Fear,6-21-2018
1529645400,28,Fear,6-22-2018
1529731800,17,Extreme Fear,6-23-2018
1529818200,15,Extreme Fear,6-24-2018
1529904600,16,Extreme Fear,6-25-2018
1529991000,21,Extreme Fear,6-26-2018
1530077400,18,Extreme Fear,6-27-2018
1530163800,20,Extreme Fear,6-28-2018
1530250200,16,Extreme Fear,6-29-2018
1530336600,22,Extreme Fear,6-30-2018
1530423000,27,Fear,1-7-2018
1530509400,27,Fear,2-7-2018
1530595800,31,Fear,3-7-2018
1530682200,33,Fear,4-7-2018
1530768600,37,Fear,5-7-2018
1530855000,34,Fear,6-7-2018
1530941400,34,Fear,7-7-2018
1531027800,38,Fear,8-7-2018
1531114200,39,Fear,9-7-2018
1531200600,37,Fear,10-7-2018
1531287000,29,Fear,11-7-2018
1531373400,33,Fear,12-7-2018
1531459800,29,Fear,7-13-2018
1531546200,29,Fear,7-14-2018
1531632600,32,Fear,7-15-2018
1531719000,36,Fear,7-16-2018
1531805400,39,Fear,7-17-2018
1531891800,42,Fear,7-18-2018
1531978200,44,Fear,7-19-2018
1532064600,47,Neutral,7-20-2018
1532151000,43,Fear,7-21-2018
1532237400,46,Neutral,7-22-2018
1532323800,44,Fear,7-23-2018
1532410200,49,Neutral,7-24-2018
1532496600,54,Neutral,7-25-2018
1532583000,53,Neutral,7-26-2018
1532669400,47,Neutral,7-27-2018
1532755800,54,Neutral,7-28-2018
1532842200,54,Neutral,7-29-2018
1532928600,53,Neutral,7-30-2018
1533015000,48,Neutral,7-31-2018
1533101400,39,Fear,1-8-2018
1533187800,39,Fear,2-8-2018
1533274200,36,Fear,3-8-2018
1533360600,31,Fear,4-8-2018
1533447000,23,Extreme Fear,5-8-2018
1533533400,25,Fear,6-8-2018
1533619800,25,Fear,7-8-2018
1533706200,23,Extreme Fear,8-8-2018
1533792600,19,Extreme Fear,9-8-2018
1533879000,21,Extreme Fear,10-8-2018
1533965400,18,Extreme Fear,11-8-2018
1534051800,18,Extreme Fear,12-8-2018
1534138200,21,Extreme Fear,8-13-2018
1534224600,16,Extreme Fear,8-14-2018
1534311000,18,Extreme Fear,8-15-2018
1534397400,21,Extreme Fear,8-16-2018
1534483800,19,Extreme Fear,8-17-2018
1534570200,24,Extreme Fear,8-18-2018
1534656600,27,Fear,8-19-2018
1534743000,26,Fear,8-20-2018
1534829400,19,Extreme Fear,8-21-2018
1534915800,21,Extreme Fear,8-22-2018
1535002200,18,Extreme Fear,8-23-2018
1535088600,19,Extreme Fear,8-24-2018
1535175000,22,Extreme Fear,8-25-2018
1535261400,19,Extreme Fear,8-26-2018
1535347800,18,Extreme Fear,8-27-2018
1535434200,19,Extreme Fear,8-28-2018
1535520600,19,Extreme Fear,8-29-2018
1535607000,22,Extreme Fear,8-30-2018
1535693400,17,Extreme Fear,8-31-2018
1535779800,21,Extreme Fear,1-9-2018
1535866200,18,Extreme Fear,2-9-2018
1535952600,19,Extreme Fear,3-9-2018
1536039000,26,Fear,4-9-2018
1536125400,17,Extreme Fear,5-9-2018
1536211800,14,Extreme Fear,6-9-2018
1536298200,17,Extreme Fear,7-9-2018
1536384600,18,Extreme Fear,8-9-2018
1536471000,13,Extreme Fear,9-9-2018
1536557400,15,Extreme Fear,10-9-2018
1536643800,18,Extreme Fear,11-9-2018
1536730200,14,Extreme Fear,12-9-2018
1536816600,20,Extreme Fear,9-13-2018
1536903000,23,Extreme Fear,9-14-2018
1536989400,24,Extreme Fear,9-15-2018
1537075800,28,Fear,9-16-2018
1537162200,25,Fear,9-17-2018
1537248600,21,Extreme Fear,9-18-2018
1537335000,24,Extreme Fear,9-19-2018
1537421400,24,Extreme Fear,9-20-2018
1537507800,31,Fear,9-21-2018
1537594200,35,Fear,9-22-2018
1537680600,38,Fear,9-23-2018
1537767000,43,Fear,9-24-2018
1537853400,37,Fear,9-25-2018
1537939800,37,Fear,9-26-2018
1538026200,42,Fear,9-27-2018
1538112600,42,Fear,9-28-2018
1538199000,37,Fear,9-29-2018
1538285400,34,Fear,9-30-2018
1538371800,35,Fear,1-10-2018
1538458200,33,Fear,2-10-2018
1538544600,36,Fear,3-10-2018
1538631000,29,Fear,4-10-2018
1538717400,37,Fear,5-10-2018
1538803800,34,Fear,6-10-2018
1538890200,29,Fear,7-10-2018
1538976600,26,Fear,8-10-2018
1539063000,31,Fear,9-10-2018
1539149400,28,Fear,10-10-2018
1539235800,19,Extreme Fear,11-10-2018
1539322200,13,Extreme Fear,12-10-2018
1539408600,15,Extreme Fear,10-13-2018
1539495000,18,Extreme Fear,10-14-2018
1539581400,20,Extreme Fear,10-15-2018
1539667800,24,Extreme Fear,10-16-2018
1539754200,23,Extreme Fear,10-17-2018
1539840600,26,Fear,10-18-2018
1539927000,24,Extreme Fear,10-19-2018
1540013400,21,Extreme Fear,10-20-2018
1540099800,21,Extreme Fear,10-21-2018
1540186200,27,Fear,10-22-2018
1540272600,24,Extreme Fear,10-23-2018
1540359000,23,Extreme Fear,10-24-2018
1540445400,25,Fear,10-25-2018
1540531800,29,Fear,10-26-2018
1540618200,33,Fear,10-27-2018
1540704600,35,Fear,10-28-2018
1540791000,34,Fear,10-29-2018
1540877400,31,Fear,10-30-2018
1540963800,32,Fear,10-31-2018
1541050200,29,Fear,1-11-2018
1541136600,36,Fear,2-11-2018
1541223000,36,Fear,3-11-2018
1541309400,41,Fear,4-11-2018
1541395800,42,Fear,5-11-2018
1541482200,42,Fear,6-11-2018
1541568600,48,Neutral,7-11-2018
1541655000,51,Neutral,8-11-2018
1541741400,47,Neutral,9-11-2018
1541827800,52,Neutral,10-11-2018
1541914200,54,Neutral,11-11-2018
1542000600,52,Neutral,12-11-2018
1542087000,56,Greed,11-13-2018
1542173400,49,Neutral,11-14-2018
1542259800,28,Fear,11-15-2018
1542346200,23,Extreme Fear,11-16-2018
1542432600,24,Extreme Fear,11-17-2018
1542519000,26,Fear,11-18-2018
1542605400,28,Fear,11-19-2018
1542691800,21,Extreme Fear,11-20-2018
1542778200,15,Extreme Fear,11-21-2018
1542864600,14,Extreme Fear,11-22-2018
1542951000,12,Extreme Fear,11-23-2018
1543037400,15,Extreme Fear,11-24-2018
1543123800,9,Extreme Fear,11-25-2018
1543210200,17,Extreme Fear,11-26-2018
1543296600,11,Extreme Fear,11-27-2018
1543383000,14,Extreme Fear,11-28-2018
1543469400,18,Extreme Fear,11-29-2018
1543555800,19,Extreme Fear,11-30-2018
1543642200,13,Extreme Fear,1-12-2018
1543728600,15,Extreme Fear,2-12-2018
1543815000,17,Extreme Fear,3-12-2018
1543901400,12,Extreme Fear,4-12-2018
1543987800,19,Extreme Fear,5-12-2018
1544074200,13,Extreme Fear,6-12-2018
1544160600,11,Extreme Fear,7-12-2018
1544247000,11,Extreme Fear,8-12-2018
1544333400,14,Extreme Fear,9-12-2018
1544419800,19,Extreme Fear,10-12-2018
1544506200,15,Extreme Fear,11-12-2018
1544592600,14,Extreme Fear,12-12-2018
1544679000,14,Extreme Fear,12-13-2018
1544765400,10,Extreme Fear,12-14-2018
1544851800,11,Extreme Fear,12-15-2018
1544938200,13,Extreme Fear,12-16-2018
1545024600,17,Extreme Fear,12-17-2018
1545111000,23,Extreme Fear,12-18-2018
1545197400,21,Extreme Fear,12-19-2018
1545283800,27,Fear,12-20-2018
1545370200,35,Fear,12-21-2018
1545456600,28,Fear,12-22-2018
1545543000,31,Fear,12-23-2018
1545629400,25,Fear,12-24-2018
1545715800,33,Fear,12-25-2018
1545802200,26,Fear,12-26-2018
1545888600,29,Fear,12-27-2018
1545975000,21,Extreme Fear,12-28-2018
1546061400,24,Extreme Fear,12-29-2018
1546147800,23,Extreme Fear,12-30-2018
1546234200,26,Fear,12-31-2018
1546320600,24,Extreme Fear,1-1-2019
1546407000,30,Fear,2-1-2019
1546493400,33,Fear,3-1-2019
1546579800,48,Neutral,4-1-2019
1546666200,36,Fear,5-1-2019
1546752600,31,Fear,6-1-2019
1546839000,39,Fear,7-1-2019
1546925400,39,Fear,8-1-2019
1547011800,42,Fear,9-1-2019
1547098200,37,Fear,10-1-2019
1547184600,19,Extreme Fear,11-1-2019
1547271000,22,Extreme Fear,12-1-2019
1547357400,21,Extreme Fear,1-13-2019
1547443800,16,Extreme Fear,1-14-2019
1547530200,27,Fear,1-15-2019
1547616600,24,Extreme Fear,1-16-2019
1547703000,28,Fear,1-17-2019
1547789400,29,Fear,1-18-2019
1547875800,31,Fear,1-19-2019
1547962200,35,Fear,1-20-2019
1548048600,30,Fear,1-21-2019
1548135000,27,Fear,1-22-2019
1548221400,33,Fear,1-23-2019
1548307800,37,Fear,1-24-2019
1548394200,35,Fear,1-25-2019
1548480600,41,Fear,1-26-2019
1548567000,39,Fear,1-27-2019
1548653400,35,Fear,1-28-2019
1548739800,21,Extreme Fear,1-29-2019
1548826200,22,Extreme Fear,1-30-2019
1548912600,17,Extreme Fear,1-31-2019
1548999000,23,Extreme Fear,1-2-2019
1549085400,22,Extreme Fear,2-2-2019
1549171800,19,Extreme Fear,3-2-2019
1549258200,27,Fear,4-2-2019
1549344600,21,Extreme Fear,5-2-2019
1549431000,14,Extreme Fear,6-2-2019
1549517400,18,Extreme Fear,7-2-2019
1549603800,37,Fear,8-2-2019
1549690200,42,Fear,9-2-2019
1549776600,40,Fear,10-2-2019
1549863000,46,Neutral,11-2-2019
1549949400,38,Fear,12-2-2019
1550035800,48,Neutral,2-13-2019
1550122200,48,Neutral,2-14-2019
1550208600,43,Fear,2-15-2019
1550295000,43,Fear,2-16-2019
1550381400,38,Fear,2-17-2019
1550467800,63,Greed,2-18-2019
1550554200,65,Greed,2-19-2019
1550640600,59,Greed,2-20-2019
1550727000,59,Greed,2-21-2019
1550813400,61,Greed,2-22-2019
1550899800,63,Greed,2-23-2019
1550986200,69,Greed,2-24-2019
1551072600,47,Neutral,2-25-2019
1551159000,40,Fear,2-26-2019
1551245400,39,Fear,2-27-2019
1551331800,39,Fear,2-28-2019
1551418200,42,Fear,1-3-2019
1551504600,41,Fear,2-3-2019
1551591000,44,Fear,3-3-2019
1551677400,36,Fear,4-3-2019
1551763800,35,Fear,5-3-2019
1551850200,42,Fear,6-3-2019
1551936600,56,Greed,7-3-2019
1552023000,54,Neutral,8-3-2019
1552109400,55,Greed,9-3-2019
1552195800,55,Greed,10-3-2019
1552282200,56,Greed,11-3-2019
1552368600,56,Greed,12-3-2019
1552455000,54,Neutral,3-13-2019
1552541400,55,Greed,3-14-2019
1552627800,55,Greed,3-15-2019
1552714200,54,Neutral,3-16-2019
1552800600,58,Greed,3-17-2019
1552887000,56,Greed,3-18-2019
1552973400,56,Greed,3-19-2019
1553059800,55,Greed,3-20-2019
1553146200,62,Greed,3-21-2019
1553232600,56,Greed,3-22-2019
1553319000,50,Neutral,3-23-2019
1553405400,44,Fear,3-24-2019
1553491800,46,Neutral,3-25-2019
1553578200,43,Fear,3-26-2019
1553664600,44,Fear,3-27-2019
1553751000,49,Neutral,3-28-2019
1553837400,50,Neutral,3-29-2019
1553923800,57,Greed,3-30-2019
1554010200,56,Greed,3-31-2019
1554096600,62,Greed,1-4-2019
1554183000,60,Greed,2-4-2019
1554269400,71,Greed,3-4-2019
1554355800,61,Greed,4-4-2019
1554442200,59,Greed,5-4-2019
1554528600,65,Greed,6-4-2019
1554615000,69,Greed,7-4-2019
1554701400,65,Greed,8-4-2019
1554787800,64,Greed,9-4-2019
1554874200,62,Greed,10-4-2019
1554960600,65,Greed,11-4-2019
1555047000,42,Fear,12-4-2019
1555133400,62,Greed,4-13-2019
1555219800,51,Neutral,4-14-2019
1555306200,60,Greed,4-15-2019
1555392600,50,Neutral,4-16-2019
1555479000,61,Greed,4-17-2019
1555565400,64,Greed,4-18-2019
1555651800,61,Greed,4-19-2019
1555738200,62,Greed,4-20-2019
1555824600,62,Greed,4-21-2019
1555911000,61,Greed,4-22-2019
1555997400,68,Greed,4-23-2019
1556083800,65,Greed,4-24-2019
1556170200,58,Greed,4-25-2019
1556256600,41,Fear,4-26-2019
1556343000,42,Fear,4-27-2019
1556429400,40,Fear,4-28-2019
1556515800,42,Fear,4-29-2019
1556602200,42,Fear,4-30-2019
1556688600,51,Neutral,1-5-2019
1556775000,50,Neutral,2-5-2019
1556861400,63,Greed,3-5-2019
1556947800,66,Greed,4-5-2019
1557034200,67,Greed,5-5-2019
1557120600,57,Greed,6-5-2019
1557207000,69,Greed,7-5-2019
1557293400,63,Greed,8-5-2019
1557379800,69,Greed,9-5-2019
1557466200,71,Greed,10-5-2019
1557552600,76,Extreme Greed,11-5-2019
1557639000,75,Extreme Greed,12-5-2019
1557725400,78,Extreme Greed,5-13-2019
1557811800,78,Extreme Greed,5-14-2019
1557898200,77,Extreme Greed,5-15-2019
1557984600,75,Extreme Greed,5-16-2019
1558071000,65,Greed,5-17-2019
1558157400,67,Greed,5-18-2019
1558243800,70,Greed,5-19-2019
1558330200,73,Greed,5-20-2019
1558416600,68,Greed,5-21-2019
1558503000,69,Greed,5-22-2019
1558589400,65,Greed,5-23-2019
1558675800,64,Greed,5-24-2019
1558762200,69,Greed,5-25-2019
1558848600,67,Greed,5-26-2019
1558935000,70,Greed,5-27-2019
1559021400,71,Greed,5-28-2019
1559107800,71,Greed,5-29-2019
1559194200,73,Greed,5-30-2019
1559280600,61,Greed,5-31-2019
1559367000,62,Greed,1-6-2019
1559453400,63,Greed,2-6-2019
1559539800,66,Greed,3-6-2019
1559626200,42,Fear,4-6-2019
1559712600,27,Fear,5-6-2019
1559799000,34,Fear,6-6-2019
1559885400,27,Fear,7-6-2019
1559971800,62,Greed,8-6-2019
1560058200,62,Greed,9-6-2019
1560144600,46,Neutral,10-6-2019
1560231000,61,Greed,11-6-2019
1560317400,60,Greed,12-6-2019
1560403800,63,Greed,6-13-2019
1560490200,67,Greed,6-14-2019
1560576600,75,Extreme Greed,6-15-2019
1560663000,80,Extreme Greed,6-16-2019
1560749400,84,Extreme Greed,6-17-2019
1560835800,83,Extreme Greed,6-18-2019
1560922200,82,Extreme Greed,6-19-2019
1561008600,81,Extreme Greed,6-20-2019
1561095000,84,Extreme Greed,6-21-2019
1561181400,83,Extreme Greed,6-22-2019
1561267800,84,Extreme Greed,6-23-2019
1561354200,80,Extreme Greed,6-24-2019
1561440600,87,Extreme Greed,6-25-2019
1561527000,95,Extreme Greed,6-26-2019
1561613400,92,Extreme Greed,6-27-2019
1561699800,62,Greed,6-28-2019
1561786200,74,Greed,6-29-2019
1561872600,78,Extreme Greed,6-30-2019
1561959000,65,Greed,1-7-2019
1562045400,63,Greed,2-7-2019
1562131800,79,Extreme Greed,3-7-2019
1562218200,76,Extreme Greed,4-7-2019
1562304600,67,Greed,5-7-2019
1562391000,72,Greed,6-7-2019
1562477400,67,Greed,7-7-2019
1562563800,74,Greed,8-7-2019
1562650200,84,Extreme Greed,9-7-2019
1562736600,83,Extreme Greed,10-7-2019
1562823000,62,Greed,11-7-2019
1562909400,33,Fear,12-7-2019
1562995800,65,Greed,7-13-2019
1563082200,61,Greed,7-14-2019
1563168600,16,Extreme Fear,7-15-2019
1563255000,34,Fear,7-16-2019
1563341400,19,Extreme Fear,7-17-2019
1563427800,40,Fear,7-18-2019
1563514200,42,Fear,7-19-2019
1563600600,34,Fear,7-20-2019
1563687000,42,Fear,7-21-2019
1563773400,42,Fear,7-22-2019
1563859800,40,Fear,7-23-2019
1563946200,20,Extreme Fear,7-24-2019
1564032600,42,Fear,7-25-2019
1564119000,24,Extreme Fear,7-26-2019
1564205400,47,Neutral,7-27-2019
1564291800,16,Extreme Fear,7-28-2019
1564378200,19,Extreme Fear,7-29-2019
1564464600,22,Extreme Fear,7-30-2019
1564551000,31,Fear,7-31-2019
1564637400,57,Greed,1-8-2019
1564723800,61,Greed,2-8-2019
1564810200,61,Greed,3-8-2019
1564896600,62,Greed,4-8-2019
1564983000,64,Greed,5-8-2019
1565069400,66,Greed,6-8-2019
1565155800,45,Neutral,7-8-2019
1565242200,61,Greed,8-8-2019
1565328600,60,Greed,9-8-2019
1565415000,59,Greed,10-8-2019
1565501400,45,Neutral,11-8-2019
1565587800,48,Neutral,12-8-2019
1565674200,45,Neutral,8-13-2019
1565760600,11,Extreme Fear,8-14-2019
1565847000,13,Extreme Fear,8-15-2019
1565933400,31,Fear,8-16-2019
1566019800,20,Extreme Fear,8-17-2019
1566106200,14,Extreme Fear,8-18-2019
1566192600,30,Fear,8-19-2019
1566279000,39,Fear,8-20-2019
1566365400,11,Extreme Fear,8-21-2019
1566451800,5,Extreme Fear,8-22-2019
1566538200,33,Fear,8-23-2019
1566624600,39,Fear,8-24-2019
1566711000,33,Fear,8-25-2019
1566797400,41,Fear,8-26-2019
1566883800,30,Fear,8-27-2019
1566970200,32,Fear,8-28-2019
1567056600,20,Extreme Fear,8-29-2019
1567143000,24,Extreme Fear,8-30-2019
1567229400,20,Extreme Fear,8-31-2019
1567315800,24,Extreme Fear,1-9-2019
1567402200,28,Fear,2-9-2019
1567488600,41,Fear,3-9-2019
1567575000,43,Fear,4-9-2019
1567661400,41,Fear,5-9-2019
1567747800,43,Fear,6-9-2019
1567834200,39,Fear,7-9-2019
1567920600,43,Fear,8-9-2019
1568007000,41,Fear,9-9-2019
1568093400,41,Fear,10-9-2019
1568179800,38,Fear,11-9-2019
1568266200,39,Fear,12-9-2019
1568352600,38,Fear,9-13-2019
1568439000,39,Fear,9-14-2019
1568525400,38,Fear,9-15-2019
1568611800,38,Fear,9-16-2019
1568698200,41,Fear,9-17-2019
1568784600,38,Fear,9-18-2019
1568871000,31,Fear,9-19-2019
1568957400,41,Fear,9-20-2019
1569043800,37,Fear,9-21-2019
1569130200,37,Fear,9-22-2019
1569216600,41,Fear,9-23-2019
1569303000,39,Fear,9-24-2019
1569389400,15,Extreme Fear,9-25-2019
1569475800,12,Extreme Fear,9-26-2019
1569562200,24,Extreme Fear,9-27-2019
1569648600,32,Fear,9-28-2019
1569735000,33,Fear,9-29-2019
1569821400,27,Fear,9-30-2019
1569907800,38,Fear,1-10-2019
1569994200,39,Fear,2-10-2019
1570080600,37,Fear,3-10-2019
1570167000,30,Fear,4-10-2019
1570253400,31,Fear,5-10-2019
1570339800,32,Fear,6-10-2019
1570426200,27,Fear,7-10-2019
1570512600,39,Fear,8-10-2019
1570599000,37,Fear,9-10-2019
1570685400,41,Fear,10-10-2019
1570771800,39,Fear,11-10-2019
1570858200,38,Fear,12-10-2019
1570944600,38,Fear,10-13-2019
1571031000,37,Fear,10-14-2019
1571117400,39,Fear,10-15-2019
1571203800,40,Fear,10-16-2019
1571290200,40,Fear,10-17-2019
1571376600,40,Fear,10-18-2019
1571463000,41,Fear,10-19-2019
1571549400,37,Fear,10-20-2019
1571635800,37,Fear,10-21-2019
1571722200,39,Fear,10-22-2019
1571808600,33,Fear,10-23-2019
1571895000,20,Extreme Fear,10-24-2019
1571981400,24,Extreme Fear,10-25-2019
1572067800,53,Neutral,10-26-2019
1572154200,50,Neutral,10-27-2019
1572240600,52,Neutral,10-28-2019
1572327000,54,Neutral,10-29-2019
1572413400,53,Neutral,10-30-2019
1572499800,50,Neutral,10-31-2019
1572586200,49,Neutral,1-11-2019
1572672600,51,Neutral,2-11-2019
1572759000,56,Greed,3-11-2019
1572845400,49,Neutral,4-11-2019
1572931800,54,Neutral,5-11-2019
1573018200,53,Neutral,6-11-2019
1573104600,54,Neutral,7-11-2019
1573191000,42,Fear,8-11-2019
1573277400,38,Fear,9-11-2019
1573363800,39,Fear,10-11-2019
1573450200,40,Fear,11-11-2019
1573536600,39,Fear,12-11-2019
1573623000,38,Fear,11-13-2019
1573709400,41,Fear,11-14-2019
1573795800,38,Fear,11-15-2019
1573882200,41,Fear,11-16-2019
1573968600,38,Fear,11-17-2019
1574055000,38,Fear,11-18-2019
1574141400,32,Fear,11-19-2019
1574227800,32,Fear,11-20-2019
1574314200,30,Fear,11-21-2019
1574400600,20,Extreme Fear,11-22-2019
1574487000,23,Extreme Fear,11-23-2019
1574573400,21,Extreme Fear,11-24-2019
1574659800,17,Extreme Fear,11-25-2019
1574746200,21,Extreme Fear,11-26-2019
1574832600,20,Extreme Fear,11-27-2019
1574919000,32,Fear,11-28-2019
1575005400,31,Fear,11-29-2019
1575091800,38,Fear,11-30-2019
1575178200,25,Fear,1-12-2019
1575264600,28,Fear,2-12-2019
1575351000,28,Fear,3-12-2019
1575437400,24,Extreme Fear,4-12-2019
1575523800,21,Extreme Fear,5-12-2019
1575610200,29,Fear,6-12-2019
1575696600,32,Fear,7-12-2019
1575783000,28,Fear,8-12-2019
1575869400,32,Fear,9-12-2019
1575955800,26,Fear,10-12-2019
1576042200,20,Extreme Fear,11-12-2019
1576128600,23,Extreme Fear,12-12-2019
1576215000,22,Extreme Fear,12-13-2019
1576301400,27,Fear,12-14-2019
1576387800,21,Extreme Fear,12-15-2019
1576474200,24,Extreme Fear,12-16-2019
1576560600,23,Extreme Fear,12-17-2019
1576647000,15,Extreme Fear,12-18-2019
1576733400,21,Extreme Fear,12-19-2019
1576819800,23,Extreme Fear,12-20-2019
1576906200,23,Extreme Fear,12-21-2019
1576992600,20,Extreme Fear,12-22-2019
1577079000,33,Fear,12-23-2019
1577165400,25,Fear,12-24-2019
1577251800,22,Extreme Fear,12-25-2019
1577338200,39,Fear,12-26-2019
1577424600,38,Fear,12-27-2019
1577511000,37,Fear,12-28-2019
1577597400,37,Fear,12-29-2019
1577683800,40,Fear,12-30-2019
1577770200,38,Fear,12-31-2019
1577856600,37,Fear,1-1-2020
1577943000,39,Fear,2-1-2020
1578029400,38,Fear,3-1-2020
1578115800,38,Fear,4-1-2020
1578202200,39,Fear,5-1-2020
1578288600,41,Fear,6-1-2020
1578375000,40,Fear,7-1-2020
1578461400,51,Neutral,8-1-2020
1578547800,44,Fear,9-1-2020
1578634200,41,Fear,10-1-2020
1578720600,50,Neutral,11-1-2020
1578807000,45,Neutral,12-1-2020
1578893400,49,Neutral,1-13-2020
1578979800,56,Greed,1-14-2020
1579066200,54,Neutral,1-15-2020
1579152600,55,Greed,1-16-2020
1579239000,54,Neutral,1-17-2020
1579325400,51,Neutral,1-18-2020
1579411800,53,Neutral,1-19-2020
1579498200,48,Neutral,1-20-2020
1579584600,49,Neutral,1-21-2020
1579671000,52,Neutral,1-22-2020
1579757400,49,Neutral,1-23-2020
1579843800,40,Fear,1-24-2020
1579930200,41,Fear,1-25-2020
1580016600,42,Fear,1-26-2020
1580103000,50,Neutral,1-27-2020
1580189400,54,Neutral,1-28-2020
1580275800,57,Greed,1-29-2020
1580362200,57,Greed,1-30-2020
1580448600,55,Greed,1-31-2020
1580535000,57,Greed,1-2-2020
1580621400,57,Greed,2-2-2020
1580707800,59,Greed,3-2-2020
1580794200,56,Greed,4-2-2020
1580880600,53,Neutral,5-2-2020
1580967000,61,Greed,6-2-2020
1581053400,56,Greed,7-2-2020
1581139800,56,Greed,8-2-2020
1581226200,56,Greed,9-2-2020
1581312600,57,Greed,10-2-2020
1581399000,52,Neutral,11-2-2020
1581485400,61,Greed,12-2-2020
1581571800,65,Greed,2-13-2020
1581658200,63,Greed,2-14-2020
1581744600,64,Greed,2-15-2020
1581831000,59,Greed,2-16-2020
1581917400,49,Neutral,2-17-2020
1582003800,53,Neutral,2-18-2020
1582090200,50,Neutral,2-19-2020
1582176600,44,Fear,2-20-2020
1582263000,44,Fear,2-21-2020
1582349400,43,Fear,2-22-2020
1582435800,46,Neutral,2-23-2020
1582522200,46,Neutral,2-24-2020
1582608600,44,Fear,2-25-2020
1582695000,41,Fear,2-26-2020
1582781400,39,Fear,2-27-2020
1582867800,40,Fear,2-28-2020
1582954200,38,Fear,2-29-2020
1583040600,39,Fear,1-3-2020
1583127000,38,Fear,2-3-2020
1583213400,38,Fear,3-3-2020
1583299800,40,Fear,4-3-2020
1583386200,41,Fear,5-3-2020
1583472600,39,Fear,6-3-2020
1583559000,38,Fear,7-3-2020
1583645400,33,Fear,8-3-2020
1583731800,17,Extreme Fear,9-3-2020
1583818200,16,Extreme Fear,10-3-2020
1583904600,17,Extreme Fear,11-3-2020
1583991000,14,Extreme Fear,12-3-2020
1584077400,10,Extreme Fear,3-13-2020
1584163800,8,Extreme Fear,3-14-2020
1584250200,12,Extreme Fear,3-15-2020
1584336600,9,Extreme Fear,3-16-2020
1584423000,8,Extreme Fear,3-17-2020
1584509400,11,Extreme Fear,3-18-2020
1584595800,12,Extreme Fear,3-19-2020
1584682200,9,Extreme Fear,3-20-2020
1584768600,9,Extreme Fear,3-21-2020
1584855000,11,Extreme Fear,3-22-2020
1584941400,10,Extreme Fear,3-23-2020
1585027800,12,Extreme Fear,3-24-2020
1585114200,13,Extreme Fear,3-25-2020
1585200600,14,Extreme Fear,3-26-2020
1585287000,12,Extreme Fear,3-27-2020
1585373400,8,Extreme Fear,3-28-2020
1585459800,12,Extreme Fear,3-29-2020
1585546200,10,Extreme Fear,3-30-2020
1585632600,12,Extreme Fear,3-31-2020
1585719000,12,Extreme Fear,1-4-2020
1585805400,14,Extreme Fear,2-4-2020
1585891800,14,Extreme Fear,3-4-2020
1585978200,12,Extreme Fear,4-4-2020
1586064600,12,Extreme Fear,5-4-2020
1586151000,12,Extreme Fear,6-4-2020
1586237400,20,Extreme Fear,7-4-2020
1586323800,21,Extreme Fear,8-4-2020
1586410200,22,Extreme Fear,9-4-2020
1586496600,15,Extreme Fear,10-4-2020
1586583000,15,Extreme Fear,11-4-2020
1586669400,10,Extreme Fear,12-4-2020
1586755800,11,Extreme Fear,4-13-2020
1586842200,15,Extreme Fear,4-14-2020
1586928600,18,Extreme Fear,4-15-2020
1587015000,13,Extreme Fear,4-16-2020
1587101400,15,Extreme Fear,4-17-2020
1587187800,18,Extreme Fear,4-18-2020
1587274200,16,Extreme Fear,4-19-2020
1587360600,15,Extreme Fear,4-20-2020
1587447000,17,Extreme Fear,4-21-2020
1587533400,19,Extreme Fear,4-22-2020
1587619800,19,Extreme Fear,4-23-2020
1587706200,20,Extreme Fear,4-24-2020
1587792600,24,Extreme Fear,4-25-2020
1587879000,21,Extreme Fear,4-26-2020
1587965400,28,Fear,4-27-2020
1588051800,26,Fear,4-28-2020
1588138200,26,Fear,4-29-2020
1588224600,44,Fear,4-30-2020
1588311000,40,Fear,1-5-2020
1588397400,40,Fear,2-5-2020
1588483800,45,Neutral,3-5-2020
1588570200,44,Fear,4-5-2020
1588656600,40,Fear,5-5-2020
1588743000,42,Fear,6-5-2020
1588829400,49,Neutral,7-5-2020
1588915800,55,Greed,8-5-2020
1589002200,56,Greed,9-5-2020
1589088600,48,Neutral,10-5-2020
1589175000,40,Fear,11-5-2020
1589261400,39,Fear,12-5-2020
1589347800,41,Fear,5-13-2020
1589434200,40,Fear,5-14-2020
1589520600,44,Fear,5-15-2020
1589607000,41,Fear,5-16-2020
1589693400,40,Fear,5-17-2020
1589779800,50,Neutral,5-18-2020
1589866200,50,Neutral,5-19-2020
1589952600,52,Neutral,5-20-2020
1590039000,49,Neutral,5-21-2020
1590125400,42,Fear,5-22-2020
1590211800,40,Fear,5-23-2020
1590298200,43,Fear,5-24-2020
1590384600,41,Fear,5-25-2020
1590471000,39,Fear,5-26-2020
1590557400,39,Fear,5-27-2020
1590643800,41,Fear,5-28-2020
1590730200,48,Neutral,5-29-2020
1590816600,48,Neutral,5-30-2020
1590903000,51,Neutral,5-31-2020
1590989400,50,Neutral,1-6-2020
1591075800,56,Greed,2-6-2020
1591162200,48,Neutral,3-6-2020
1591248600,54,Neutral,4-6-2020
1591335000,53,Neutral,5-6-2020
1591421400,54,Neutral,6-6-2020
1591507800,54,Neutral,7-6-2020
1591594200,53,Neutral,8-6-2020
1591680600,52,Neutral,9-6-2020
1591767000,54,Neutral,10-6-2020
1591853400,52,Neutral,11-6-2020
1591939800,38,Fear,12-6-2020
1592026200,38,Fear,6-13-2020
1592112600,40,Fear,6-14-2020
1592199000,37,Fear,6-15-2020
1592285400,39,Fear,6-16-2020
1592371800,38,Fear,6-17-2020
1592458200,40,Fear,6-18-2020
1592544600,39,Fear,6-19-2020
1592631000,38,Fear,6-20-2020
1592717400,37,Fear,6-21-2020
1592803800,38,Fear,6-22-2020
1592890200,41,Fear,6-23-2020
1592976600,50,Neutral,6-24-2020
1593063000,43,Fear,6-25-2020
1593149400,40,Fear,6-26-2020
1593235800,43,Fear,6-27-2020
1593322200,40,Fear,6-28-2020
1593408600,41,Fear,6-29-2020
1593495000,44,Fear,6-30-2020
1593581400,42,Fear,1-7-2020
1593667800,42,Fear,2-7-2020
1593754200,41,Fear,3-7-2020
1593840600,40,Fear,4-7-2020
1593927000,38,Fear,5-7-2020
1594013400,40,Fear,6-7-2020
1594099800,43,Fear,7-7-2020
1594186200,44,Fear,8-7-2020
1594272600,44,Fear,9-7-2020
1594359000,41,Fear,10-7-2020
1594445400,44,Fear,11-7-2020
1594531800,41,Fear,12-7-2020
1594618200,43,Fear,7-13-2020
1594704600,43,Fear,7-14-2020
1594791000,44,Fear,7-15-2020
1594877400,43,Fear,7-16-2020
1594963800,41,Fear,7-17-2020
1595050200,44,Fear,7-18-2020
1595136600,41,Fear,7-19-2020
1595223000,44,Fear,7-20-2020
1595309400,44,Fear,7-21-2020
1595395800,50,Neutral,7-22-2020
1595482200,55,Greed,7-23-2020
1595568600,53,Neutral,7-24-2020
1595655000,55,Greed,7-25-2020
1595741400,55,Greed,7-26-2020
1595827800,58,Greed,7-27-2020
1595914200,76,Extreme Greed,7-28-2020
1596000600,71,Greed,7-29-2020
1596087000,76,Extreme Greed,7-30-2020
1596173400,75,Extreme Greed,7-31-2020
1596259800,75,Extreme Greed,1-8-2020
1596346200,80,Extreme Greed,2-8-2020
1596432600,75,Extreme Greed,3-8-2020
1596519000,72,Greed,4-8-2020
1596605400,75,Extreme Greed,5-8-2020
1596691800,79,Extreme Greed,6-8-2020
1596778200,77,Extreme Greed,7-8-2020
1596864600,77,Extreme Greed,8-8-2020
1596951000,79,Extreme Greed,9-8-2020
1597037400,78,Extreme Greed,10-8-2020
1597123800,84,Extreme Greed,11-8-2020
1597210200,75,Extreme Greed,12-8-2020
1597296600,75,Extreme Greed,8-13-2020
1597383000,78,Extreme Greed,8-14-2020
1597469400,79,Extreme Greed,8-15-2020
1597555800,82,Extreme Greed,8-16-2020
1597642200,83,Extreme Greed,8-17-2020
1597728600,82,Extreme Greed,8-18-2020
1597815000,80,Extreme Greed,8-19-2020
1597901400,75,Extreme Greed,8-20-2020
1597987800,81,Extreme Greed,8-21-2020
1598074200,78,Extreme Greed,8-22-2020
1598160600,76,Extreme Greed,8-23-2020
1598247000,78,Extreme Greed,8-24-2020
1598333400,75,Extreme Greed,8-25-2020
1598419800,76,Extreme Greed,8-26-2020
1598506200,75,Extreme Greed,8-27-2020
1598592600,74,Greed,8-28-2020
1598679000,79,Extreme Greed,8-29-2020
1598765400,75,Extreme Greed,8-30-2020
1598851800,75,Extreme Greed,8-31-2020
1598938200,75,Extreme Greed,1-9-2020
1599024600,83,Extreme Greed,2-9-2020
1599111000,79,Extreme Greed,3-9-2020
1599197400,40,Fear,4-9-2020
1599283800,41,Fear,5-9-2020
1599370200,41,Fear,6-9-2020
1599456600,41,Fear,7-9-2020
1599543000,41,Fear,8-9-2020
1599629400,38,Fear,9-9-2020
1599715800,38,Fear,10-9-2020
1599802200,41,Fear,11-9-2020
1599888600,41,Fear,12-9-2020
1599975000,38,Fear,9-13-2020
1600061400,39,Fear,9-14-2020
1600147800,47,Neutral,9-15-2020
1600234200,43,Fear,9-16-2020
1600320600,48,Neutral,9-17-2020
1600407000,49,Neutral,9-18-2020
1600493400,48,Neutral,9-19-2020
1600579800,52,Neutral,9-20-2020
1600666200,48,Neutral,9-21-2020
1600752600,39,Fear,9-22-2020
1600839000,43,Fear,9-23-2020
1600925400,39,Fear,9-24-2020
1601011800,46,Neutral,9-25-2020
1601098200,45,Neutral,9-26-2020
1601184600,47,Neutral,9-27-2020
1601271000,43,Fear,9-28-2020
1601357400,45,Neutral,9-29-2020
1601443800,49,Neutral,9-30-2020
1601530200,45,Neutral,1-10-2020
1601616600,41,Fear,2-10-2020
1601703000,40,Fear,3-10-2020
1601789400,42,Fear,4-10-2020
1601875800,42,Fear,5-10-2020
1601962200,47,Neutral,6-10-2020
1602048600,43,Fear,7-10-2020
1602135000,46,Neutral,8-10-2020
1602221400,48,Neutral,9-10-2020
1602307800,53,Neutral,10-10-2020
1602394200,55,Greed,11-10-2020
1602480600,52,Neutral,12-10-2020
1602567000,56,Greed,10-13-2020
1602653400,53,Neutral,10-14-2020
1602739800,56,Greed,10-15-2020
1602826200,52,Neutral,10-16-2020
1602912600,56,Greed,10-17-2020
1602999000,55,Greed,10-18-2020
1603085400,55,Greed,10-19-2020
1603171800,56,Greed,10-20-2020
1603258200,61,Greed,10-21-2020
1603344600,73,Greed,10-22-2020
1603431000,74,Greed,10-23-2020
1603517400,73,Greed,10-24-2020
1603603800,76,Extreme Greed,10-25-2020
1603690200,75,Extreme Greed,10-26-2020
1603776600,61,Greed,10-27-2020
1603863000,70,Greed,10-28-2020
1603949400,67,Greed,10-29-2020
1604035800,74,Greed,10-30-2020
1604122200,73,Greed,10-31-2020
1604208600,72,Greed,1-11-2020
1604295000,71,Greed,2-11-2020
1604381400,71,Greed,3-11-2020
1604467800,74,Greed,4-11-2020
1604554200,72,Greed,5-11-2020
1604640600,90,Extreme Greed,6-11-2020
1604727000,88,Extreme Greed,7-11-2020
1604813400,82,Extreme Greed,8-11-2020
1604899800,90,Extreme Greed,9-11-2020
1604986200,90,Extreme Greed,10-11-2020
1605072600,86,Extreme Greed,11-11-2020
1605159000,87,Extreme Greed,12-11-2020
1605245400,89,Extreme Greed,11-13-2020
1605331800,90,Extreme Greed,11-14-2020
1605418200,86,Extreme Greed,11-15-2020
1605504600,90,Extreme Greed,11-16-2020
1605591000,86,Extreme Greed,11-17-2020
1605677400,91,Extreme Greed,11-18-2020
1605763800,94,Extreme Greed,11-19-2020
1605850200,86,Extreme Greed,11-20-2020
1605936600,91,Extreme Greed,11-21-2020
1606023000,94,Extreme Greed,11-22-2020
1606109400,90,Extreme Greed,11-23-2020
1606195800,88,Extreme Greed,11-24-2020
1606282200,94,Extreme Greed,11-25-2020
1606368600,93,Extreme Greed,11-26-2020
1606455000,86,Extreme Greed,11-27-2020
1606541400,87,Extreme Greed,11-28-2020
1606627800,89,Extreme Greed,11-29-2020
1606714200,88,Extreme Greed,11-30-2020
1606800600,95,Extreme Greed,1-12-2020
1606887000,92,Extreme Greed,2-12-2020
1606973400,92,Extreme Greed,3-12-2020
1607059800,92,Extreme Greed,4-12-2020
1607146200,93,Extreme Greed,5-12-2020
1607232600,95,Extreme Greed,6-12-2020
1607319000,94,Extreme Greed,7-12-2020
1607405400,95,Extreme Greed,8-12-2020
1607491800,86,Extreme Greed,9-12-2020
1607578200,94,Extreme Greed,10-12-2020
1607664600,89,Extreme Greed,11-12-2020
1607751000,90,Extreme Greed,12-12-2020
1607837400,91,Extreme Greed,12-13-2020
1607923800,95,Extreme Greed,12-14-2020
1608010200,91,Extreme Greed,12-15-2020
1608096600,92,Extreme Greed,12-16-2020
1608183000,92,Extreme Greed,12-17-2020
1608269400,95,Extreme Greed,12-18-2020
1608355800,93,Extreme Greed,12-19-2020
1608442200,92,Extreme Greed,12-20-2020
1608528600,92,Extreme Greed,12-21-2020
1608615000,88,Extreme Greed,12-22-2020
1608701400,93,Extreme Greed,12-23-2020
1608787800,86,Extreme Greed,12-24-2020
1608874200,94,Extreme Greed,12-25-2020
1608960600,93,Extreme Greed,12-26-2020
1609047000,91,Extreme Greed,12-27-2020
1609133400,92,Extreme Greed,12-28-2020
1609219800,91,Extreme Greed,12-29-2020
1609306200,91,Extreme Greed,12-30-2020
1609392600,95,Extreme Greed,12-31-2020
1609479000,94,Extreme Greed,1-1-2021
1609565400,94,Extreme Greed,2-1-2021
1609651800,93,Extreme Greed,3-1-2021
1609738200,94,Extreme Greed,4-1-2021
1609824600,93,Extreme Greed,5-1-2021
1609911000,95,Extreme Greed,6-1-2021
1609997400,91,Extreme Greed,7-1-2021
1610083800,93,Extreme Greed,8-1-2021
1610170200,93,Extreme Greed,9-1-2021
1610256600,94,Extreme Greed,10-1-2021
1610343000,90,Extreme Greed,11-1-2021
1610429400,84,Extreme Greed,12-1-2021
1610515800,78,Extreme Greed,1-13-2021
1610602200,83,Extreme Greed,1-14-2021
1610688600,88,Extreme Greed,1-15-2021
1610775000,84,Extreme Greed,1-16-2021
1610861400,79,Extreme Greed,1-17-2021
1610947800,79,Extreme Greed,1-18-2021
1611034200,80,Extreme Greed,1-19-2021
1611120600,78,Extreme Greed,1-20-2021
1611207000,75,Extreme Greed,1-21-2021
1611293400,40,Fear,1-22-2021
1611379800,74,Greed,1-23-2021
1611466200,70,Greed,1-24-2021
1611552600,74,Greed,1-25-2021
1611639000,71,Greed,1-26-2021
1611725400,78,Extreme Greed,1-27-2021
1611811800,55,Greed,1-28-2021
1611898200,77,Extreme Greed,1-29-2021
1611984600,76,Extreme Greed,1-30-2021
1612071000,78,Extreme Greed,1-31-2021
1612157400,77,Extreme Greed,1-2-2021
1612243800,76,Extreme Greed,2-2-2021
1612330200,78,Extreme Greed,3-2-2021
1612416600,80,Extreme Greed,4-2-2021
1612503000,81,Extreme Greed,5-2-2021
1612589400,84,Extreme Greed,6-2-2021
1612675800,86,Extreme Greed,7-2-2021
1612762200,83,Extreme Greed,8-2-2021
1612848600,95,Extreme Greed,9-2-2021
1612935000,92,Extreme Greed,10-2-2021
1613021400,93,Extreme Greed,11-2-2021
1613107800,92,Extreme Greed,12-2-2021
1613194200,92,Extreme Greed,2-13-2021
1613280600,95,Extreme Greed,2-14-2021
1613367000,93,Extreme Greed,2-15-2021
1613453400,95,Extreme Greed,2-16-2021
1613539800,95,Extreme Greed,2-17-2021
1613626200,91,Extreme Greed,2-18-2021
1613712600,93,Extreme Greed,2-19-2021
1613799000,91,Extreme Greed,2-20-2021
1613885400,91,Extreme Greed,2-21-2021
1613971800,94,Extreme Greed,2-22-2021
1614058200,94,Extreme Greed,2-23-2021
1614144600,76,Extreme Greed,2-24-2021
1614231000,79,Extreme Greed,2-25-2021
1614317400,55,Greed,2-26-2021
1614403800,56,Greed,2-27-2021
1614490200,55,Greed,2-28-2021
1614576600,38,Fear,1-3-2021
1614663000,78,Extreme Greed,2-3-2021
1614749400,78,Extreme Greed,3-3-2021
1614835800,84,Extreme Greed,4-3-2021
1614922200,77,Extreme Greed,5-3-2021
1615008600,77,Extreme Greed,6-3-2021
1615095000,76,Extreme Greed,7-3-2021
1615181400,81,Extreme Greed,8-3-2021
1615267800,81,Extreme Greed,9-3-2021
1615354200,68,Greed,10-3-2021
1615440600,73,Greed,11-3-2021
1615527000,70,Greed,12-3-2021
1615613400,74,Greed,3-13-2021
1615699800,78,Extreme Greed,3-14-2021
1615786200,76,Extreme Greed,3-15-2021
1615872600,71,Greed,3-16-2021
1615959000,71,Greed,3-17-2021
1616045400,72,Greed,3-18-2021
1616131800,71,Greed,3-19-2021
1616218200,75,Extreme Greed,3-20-2021
1616304600,73,Greed,3-21-2021
1616391000,70,Greed,3-22-2021
1616477400,66,Greed,3-23-2021
1616563800,65,Greed,3-24-2021
1616650200,60,Greed,3-25-2021
1616736600,54,Neutral,3-26-2021
1616823000,65,Greed,3-27-2021
1616909400,74,Greed,3-28-2021
1616995800,72,Greed,3-29-2021
1617082200,72,Greed,3-30-2021
1617168600,76,Extreme Greed,3-31-2021
1617255000,74,Greed,1-4-2021
1617341400,74,Greed,2-4-2021
1617427800,73,Greed,3-4-2021
1617514200,74,Greed,4-4-2021
1617600600,71,Greed,5-4-2021
1617687000,75,Extreme Greed,6-4-2021
1617773400,72,Greed,7-4-2021
1617859800,73,Greed,8-4-2021
1617946200,70,Greed,9-4-2021
1618032600,70,Greed,10-4-2021
1618119000,76,Extreme Greed,11-4-2021
1618205400,74,Greed,12-4-2021
1618291800,74,Greed,4-13-2021
1618378200,75,Extreme Greed,4-14-2021
1618464600,79,Extreme Greed,4-15-2021
1618551000,78,Extreme Greed,4-16-2021
1618637400,76,Extreme Greed,4-17-2021
1618723800,79,Extreme Greed,4-18-2021
1618810200,74,Greed,4-19-2021
1618896600,73,Greed,4-20-2021
1618983000,73,Greed,4-21-2021
1619069400,65,Greed,4-22-2021
1619155800,55,Greed,4-23-2021
1619242200,37,Fear,4-24-2021
1619328600,31,Fear,4-25-2021
1619415000,27,Fear,4-26-2021
1619501400,50,Neutral,4-27-2021
1619587800,59,Greed,4-28-2021
1619674200,52,Neutral,4-29-2021
1619760600,51,Neutral,4-30-2021
1619847000,68,Greed,1-5-2021
1619933400,66,Greed,2-5-2021
1620019800,61,Greed,3-5-2021
1620106200,68,Greed,4-5-2021
1620192600,48,Neutral,5-5-2021
1620279000,65,Greed,6-5-2021
1620365400,64,Greed,7-5-2021
1620451800,67,Greed,8-5-2021
1620538200,73,Greed,9-5-2021
1620624600,72,Greed,10-5-2021
1620711000,61,Greed,11-5-2021
1620797400,68,Greed,12-5-2021
1620883800,31,Fear,5-13-2021
1620970200,26,Fear,5-14-2021
1621056600,27,Fear,5-15-2021
1621143000,20,Extreme Fear,5-16-2021
1621229400,27,Fear,5-17-2021
1621315800,21,Extreme Fear,5-18-2021
1621402200,23,Extreme Fear,5-19-2021
1621488600,11,Extreme Fear,5-20-2021
1621575000,19,Extreme Fear,5-21-2021
1621661400,12,Extreme Fear,5-22-2021
1621747800,14,Extreme Fear,5-23-2021
1621834200,10,Extreme Fear,5-24-2021
1621920600,22,Extreme Fear,5-25-2021
1622007000,22,Extreme Fear,5-26-2021
1622093400,27,Fear,5-27-2021
1622179800,21,Extreme Fear,5-28-2021
1622266200,18,Extreme Fear,5-29-2021
1622352600,10,Extreme Fear,5-30-2021
1622439000,18,Extreme Fear,5-31-2021
1622525400,20,Extreme Fear,1-6-2021
1622611800,23,Extreme Fear,2-6-2021
1622698200,24,Extreme Fear,3-6-2021
1622784600,27,Fear,4-6-2021
1622871000,24,Extreme Fear,5-6-2021
1622957400,17,Extreme Fear,6-6-2021
1623043800,15,Extreme Fear,7-6-2021
1623130200,13,Extreme Fear,8-6-2021
1623216600,14,Extreme Fear,9-6-2021
1623303000,21,Extreme Fear,10-6-2021
1623389400,21,Extreme Fear,11-6-2021
1623475800,28,Fear,12-6-2021
1623562200,23,Extreme Fear,6-13-2021
1623648600,28,Fear,6-14-2021
1623735000,38,Fear,6-15-2021
1623821400,33,Fear,6-16-2021
1623907800,26,Fear,6-17-2021
1623994200,25,Fear,6-18-2021
1624080600,23,Extreme Fear,6-19-2021
1624167000,21,Extreme Fear,6-20-2021
1624253400,23,Extreme Fear,6-21-2021
1624339800,10,Extreme Fear,6-22-2021
1624426200,14,Extreme Fear,6-23-2021
1624512600,22,Extreme Fear,6-24-2021
1624599000,27,Fear,6-25-2021
1624685400,20,Extreme Fear,6-26-2021
1624771800,22,Extreme Fear,6-27-2021
1624858200,25,Fear,6-28-2021
1624944600,25,Fear,6-29-2021
1625031000,28,Fear,6-30-2021
1625117400,28,Fear,1-7-2021
1625203800,21,Extreme Fear,2-7-2021
1625290200,24,Extreme Fear,3-7-2021
1625376600,27,Fear,4-7-2021
1625463000,29,Fear,5-7-2021
1625549400,20,Extreme Fear,6-7-2021
1625635800,28,Fear,7-7-2021
1625722200,20,Extreme Fear,8-7-2021
1625808600,20,Extreme Fear,9-7-2021
1625895000,20,Extreme Fear,10-7-2021
1625981400,20,Extreme Fear,11-7-2021
1626067800,25,Fear,12-7-2021
1626154200,20,Extreme Fear,7-13-2021
1626240600,21,Extreme Fear,7-14-2021
1626327000,20,Extreme Fear,7-15-2021
1626413400,22,Extreme Fear,7-16-2021
1626499800,15,Extreme Fear,7-17-2021
1626586200,19,Extreme Fear,7-18-2021
1626672600,24,Extreme Fear,7-19-2021
1626759000,19,Extreme Fear,7-20-2021
1626845400,10,Extreme Fear,7-21-2021
1626931800,21,Extreme Fear,7-22-2021
1627018200,23,Extreme Fear,7-23-2021
1627104600,22,Extreme Fear,7-24-2021
1627191000,27,Fear,7-25-2021
1627277400,26,Fear,7-26-2021
1627363800,32,Fear,7-27-2021
1627450200,50,Neutral,7-28-2021
1627536600,50,Neutral,7-29-2021
1627623000,53,Neutral,7-30-2021
1627709400,60,Greed,7-31-2021
1627795800,60,Greed,1-8-2021
1627882200,48,Neutral,2-8-2021
1627968600,48,Neutral,3-8-2021
1628055000,42,Fear,4-8-2021
1628141400,50,Neutral,5-8-2021
1628227800,52,Neutral,6-8-2021
1628314200,69,Greed,7-8-2021
1628400600,74,Greed,8-8-2021
1628487000,65,Greed,9-8-2021
1628573400,71,Greed,10-8-2021
1628659800,70,Greed,11-8-2021
1628746200,70,Greed,12-8-2021
1628832600,70,Greed,8-13-2021
1628919000,76,Extreme Greed,8-14-2021
1629005400,71,Greed,8-15-2021
1629091800,72,Greed,8-16-2021
1629178200,72,Greed,8-17-2021
1629264600,73,Greed,8-18-2021
1629351000,70,Greed,8-19-2021
1629437400,70,Greed,8-20-2021
1629523800,78,Extreme Greed,8-21-2021
1629610200,76,Extreme Greed,8-22-2021
1629696600,79,Extreme Greed,8-23-2021
1629783000,79,Extreme Greed,8-24-2021
1629869400,73,Greed,8-25-2021
1629955800,75,Extreme Greed,8-26-2021
1630042200,71,Greed,8-27-2021
1630128600,78,Extreme Greed,8-28-2021
1630215000,72,Greed,8-29-2021
1630301400,73,Greed,8-30-2021
1630387800,73,Greed,8-31-2021
1630474200,71,Greed,1-9-2021
1630560600,74,Greed,2-9-2021
1630647000,74,Greed,3-9-2021
1630733400,72,Greed,4-9-2021
1630819800,73,Greed,5-9-2021
1630906200,79,Extreme Greed,6-9-2021
1630992600,79,Extreme Greed,7-9-2021
1631079000,47,Neutral,8-9-2021
1631165400,45,Neutral,9-9-2021
1631251800,46,Neutral,10-9-2021
1631338200,31,Fear,11-9-2021
1631424600,32,Fear,12-9-2021
1631511000,44,Fear,9-13-2021
1631597400,30,Fear,9-14-2021
1631683800,49,Neutral,9-15-2021
1631770200,53,Neutral,9-16-2021
1631856600,48,Neutral,9-17-2021
1631943000,50,Neutral,9-18-2021
1632029400,53,Neutral,9-19-2021
1632115800,50,Neutral,9-20-2021
1632202200,27,Fear,9-21-2021
1632288600,21,Extreme Fear,9-22-2021
1632375000,27,Fear,9-23-2021
1632461400,33,Fear,9-24-2021
1632547800,28,Fear,9-25-2021
1632634200,27,Fear,9-26-2021
1632720600,26,Fear,9-27-2021
1632807000,25,Fear,9-28-2021
1632893400,24,Extreme Fear,9-29-2021
1632979800,20,Extreme Fear,9-30-2021
1633066200,27,Fear,1-10-2021
1633152600,54,Neutral,2-10-2021
1633239000,49,Neutral,3-10-2021
1633325400,54,Neutral,4-10-2021
1633411800,59,Greed,5-10-2021
1633498200,68,Greed,6-10-2021
1633584600,76,Extreme Greed,7-10-2021
1633671000,74,Greed,8-10-2021
1633757400,72,Greed,9-10-2021
1633843800,71,Greed,10-10-2021
1633930200,71,Greed,11-10-2021
1634016600,78,Extreme Greed,12-10-2021
1634103000,70,Greed,10-13-2021
1634189400,70,Greed,10-14-2021
1634275800,71,Greed,10-15-2021
1634362200,78,Extreme Greed,10-16-2021
1634448600,79,Extreme Greed,10-17-2021
1634535000,78,Extreme Greed,10-18-2021
1634621400,75,Extreme Greed,10-19-2021
1634707800,82,Extreme Greed,10-20-2021
1634794200,84,Extreme Greed,10-21-2021
1634880600,75,Extreme Greed,10-22-2021
1634967000,74,Greed,10-23-2021
1635053400,73,Greed,10-24-2021
1635139800,72,Greed,10-25-2021
1635226200,76,Extreme Greed,10-26-2021
1635312600,73,Greed,10-27-2021
1635399000,66,Greed,10-28-2021
1635485400,70,Greed,10-29-2021
1635571800,73,Greed,10-30-2021
1635658200,74,Greed,10-31-2021
1635744600,74,Greed,1-11-2021
1635831000,73,Greed,2-11-2021
1635917400,76,Extreme Greed,3-11-2021
1636003800,73,Greed,4-11-2021
1636090200,73,Greed,5-11-2021
1636176600,71,Greed,6-11-2021
1636263000,73,Greed,7-11-2021
1636349400,75,Extreme Greed,8-11-2021
1636435800,84,Extreme Greed,9-11-2021
1636522200,75,Extreme Greed,10-11-2021
1636608600,77,Extreme Greed,11-11-2021
1636695000,74,Greed,12-11-2021
1636781400,72,Greed,11-13-2021
1636867800,74,Greed,11-14-2021
1636954200,72,Greed,11-15-2021
1637040600,71,Greed,11-16-2021
1637127000,52,Neutral,11-17-2021
1637213400,54,Neutral,11-18-2021
1637299800,34,Fear,11-19-2021
1637386200,43,Fear,11-20-2021
1637472600,49,Neutral,11-21-2021
1637559000,50,Neutral,11-22-2021
1637645400,33,Fear,11-23-2021
1637731800,42,Fear,11-24-2021
1637818200,32,Fear,11-25-2021
1637904600,47,Neutral,11-26-2021
1637991000,21,Extreme Fear,11-27-2021
1638077400,27,Fear,11-28-2021
1638163800,33,Fear,11-29-2021
1638250200,40,Fear,11-30-2021
1638336600,34,Fear,1-12-2021
1638423000,32,Fear,2-12-2021
1638509400,31,Fear,3-12-2021
1638595800,25,Fear,4-12-2021
1638682200,18,Extreme Fear,5-12-2021
1638768600,16,Extreme Fear,6-12-2021
1638855000,25,Fear,7-12-2021
1638941400,28,Fear,8-12-2021
1639027800,29,Fear,9-12-2021
1639114200,24,Extreme Fear,10-12-2021
1639200600,16,Extreme Fear,11-12-2021
1639287000,27,Fear,12-12-2021
1639373400,28,Fear,12-13-2021
1639459800,21,Extreme Fear,12-14-2021
1639546200,28,Fear,12-15-2021
1639632600,29,Fear,12-16-2021
1639719000,23,Extreme Fear,12-17-2021
1639805400,24,Extreme Fear,12-18-2021
1639891800,29,Fear,12-19-2021
1639978200,25,Fear,12-20-2021
1640064600,27,Fear,12-21-2021
1640151000,45,Neutral,12-22-2021
1640237400,34,Fear,12-23-2021
1640323800,41,Fear,12-24-2021
1640410200,39,Fear,12-25-2021
1640496600,37,Fear,12-26-2021
1640583000,40,Fear,12-27-2021
1640669400,41,Fear,12-28-2021
1640755800,27,Fear,12-29-2021
1640842200,22,Extreme Fear,12-30-2021
1640928600,28,Fear,12-31-2021
1641015000,21,Extreme Fear,1-1-2022
1641101400,29,Fear,2-1-2022
1641187800,29,Fear,3-1-2022
1641274200,23,Extreme Fear,4-1-2022
1641360600,24,Extreme Fear,5-1-2022
1641447000,15,Extreme Fear,6-1-2022
1641533400,18,Extreme Fear,7-1-2022
1641619800,10,Extreme Fear,8-1-2022
1641706200,23,Extreme Fear,9-1-2022
1641792600,23,Extreme Fear,10-1-2022
1641879000,21,Extreme Fear,11-1-2022
1641965400,22,Extreme Fear,12-1-2022
1642051800,21,Extreme Fear,1-13-2022
1642138200,21,Extreme Fear,1-14-2022
1642224600,23,Extreme Fear,1-15-2022
1642311000,21,Extreme Fear,1-16-2022
1642397400,22,Extreme Fear,1-17-2022
1642483800,24,Extreme Fear,1-18-2022
1642570200,24,Extreme Fear,1-19-2022
1642656600,24,Extreme Fear,1-20-2022
1642743000,19,Extreme Fear,1-21-2022
1642829400,13,Extreme Fear,1-22-2022
1642915800,11,Extreme Fear,1-23-2022
1643002200,13,Extreme Fear,1-24-2022
1643088600,12,Extreme Fear,1-25-2022
1643175000,23,Extreme Fear,1-26-2022
1643261400,20,Extreme Fear,1-27-2022
1643347800,24,Extreme Fear,1-28-2022
1643434200,24,Extreme Fear,1-29-2022
1643520600,29,Fear,1-30-2022
1643607000,20,Extreme Fear,1-31-2022
1643693400,26,Fear,1-2-2022
1643779800,28,Fear,2-2-2022
1643866200,20,Extreme Fear,3-2-2022
1643952600,20,Extreme Fear,4-2-2022
1644039000,33,Fear,5-2-2022
1644125400,37,Fear,6-2-2022
1644211800,45,Neutral,7-2-2022
1644298200,48,Neutral,8-2-2022
1644384600,54,Neutral,9-2-2022
1644471000,50,Neutral,10-2-2022
1644557400,50,Neutral,11-2-2022
1644643800,44,Fear,12-2-2022
1644730200,44,Fear,2-13-2022
1644816600,46,Neutral,2-14-2022
1644903000,46,Neutral,2-15-2022
1644989400,51,Neutral,2-16-2022
1645075800,52,Neutral,2-17-2022
1645162200,30,Fear,2-18-2022
1645248600,25,Fear,2-19-2022
1645335000,27,Fear,2-20-2022
1645421400,25,Fear,2-21-2022
1645507800,20,Extreme Fear,2-22-2022
1645594200,25,Fear,2-23-2022
1645680600,23,Extreme Fear,2-24-2022
1645767000,27,Fear,2-25-2022
1645853400,26,Fear,2-26-2022
1645939800,26,Fear,2-27-2022
1646026200,20,Extreme Fear,2-28-2022
1646112600,51,Neutral,1-3-2022
1646199000,52,Neutral,2-3-2022
1646285400,39,Fear,3-3-2022
1646371800,33,Fear,4-3-2022
1646458200,22,Extreme Fear,5-3-2022
1646544600,22,Extreme Fear,6-3-2022
1646631000,23,Extreme Fear,7-3-2022
1646717400,21,Extreme Fear,8-3-2022
1646803800,22,Extreme Fear,9-3-2022
1646890200,28,Fear,10-3-2022
1646976600,22,Extreme Fear,11-3-2022
1647063000,22,Extreme Fear,12-3-2022
1647149400,21,Extreme Fear,3-13-2022
1647235800,23,Extreme Fear,3-14-2022
1647322200,21,Extreme Fear,3-15-2022
1647408600,24,Extreme Fear,3-16-2022
1647495000,27,Fear,3-17-2022
1647581400,25,Fear,3-18-2022
1647667800,28,Fear,3-19-2022
1647754200,31,Fear,3-20-2022
1647840600,30,Fear,3-21-2022
1647927000,26,Fear,3-22-2022
1648013400,31,Fear,3-23-2022
1648099800,40,Fear,3-24-2022
1648186200,47,Neutral,3-25-2022
1648272600,51,Neutral,3-26-2022
1648359000,49,Neutral,3-27-2022
1648445400,60,Greed,3-28-2022
1648531800,56,Greed,3-29-2022
1648618200,55,Greed,3-30-2022
1648704600,52,Neutral,3-31-2022
1648791000,50,Neutral,1-4-2022
1648877400,52,Neutral,2-4-2022
1648963800,48,Neutral,3-4-2022
1649050200,52,Neutral,4-4-2022
1649136600,53,Neutral,5-4-2022
1649223000,48,Neutral,6-4-2022
1649309400,34,Fear,7-4-2022
1649395800,37,Fear,8-4-2022
1649482200,30,Fear,9-4-2022
1649568600,34,Fear,10-4-2022
1649655000,32,Fear,11-4-2022
1649741400,20,Extreme Fear,12-4-2022
1649827800,25,Fear,4-13-2022
1649914200,28,Fear,4-14-2022
1650000600,22,Extreme Fear,4-15-2022
1650087000,28,Fear,4-16-2022
1650173400,28,Fear,4-17-2022
1650259800,24,Extreme Fear,4-18-2022
1650346200,27,Fear,4-19-2022
1650432600,27,Fear,4-20-2022
1650519000,27,Fear,4-21-2022
1650605400,26,Fear,4-22-2022
1650691800,24,Extreme Fear,4-23-2022
1650778200,24,Extreme Fear,4-24-2022
1650864600,23,Extreme Fear,4-25-2022
1650951000,27,Fear,4-26-2022
1651037400,21,Extreme Fear,4-27-2022
1651123800,24,Extreme Fear,4-28-2022
1651210200,23,Extreme Fear,4-29-2022
1651296600,20,Extreme Fear,4-30-2022
1651383000,22,Extreme Fear,1-5-2022
1651469400,28,Fear,2-5-2022
1651555800,27,Fear,3-5-2022
1651642200,21,Extreme Fear,4-5-2022
1651728600,27,Fear,5-5-2022
1651815000,22,Extreme Fear,6-5-2022
1651901400,23,Extreme Fear,7-5-2022
1651987800,18,Extreme Fear,8-5-2022
1652074200,11,Extreme Fear,9-5-2022
1652160600,10,Extreme Fear,10-5-2022
1652247000,12,Extreme Fear,11-5-2022
1652333400,12,Extreme Fear,12-5-2022
1652419800,10,Extreme Fear,5-13-2022
1652506200,9,Extreme Fear,5-14-2022
1652592600,10,Extreme Fear,5-15-2022
1652679000,14,Extreme Fear,5-16-2022
1652765400,8,Extreme Fear,5-17-2022
1652851800,12,Extreme Fear,5-18-2022
1652938200,13,Extreme Fear,5-19-2022
1653024600,13,Extreme Fear,5-20-2022
1653111000,13,Extreme Fear,5-21-2022
1653197400,14,Extreme Fear,5-22-2022
1653283800,10,Extreme Fear,5-23-2022
1653370200,12,Extreme Fear,5-24-2022
1653456600,11,Extreme Fear,5-25-2022
1653543000,12,Extreme Fear,5-26-2022
1653629400,12,Extreme Fear,5-27-2022
1653715800,13,Extreme Fear,5-28-2022
1653802200,14,Extreme Fear,5-29-2022
1653888600,10,Extreme Fear,5-30-2022
1653975000,16,Extreme Fear,5-31-2022
1654061400,17,Extreme Fear,1-6-2022
1654147800,13,Extreme Fear,2-6-2022
1654234200,10,Extreme Fear,3-6-2022
1654320600,14,Extreme Fear,4-6-2022
1654407000,10,Extreme Fear,5-6-2022
1654493400,13,Extreme Fear,6-6-2022
1654579800,15,Extreme Fear,7-6-2022
1654666200,17,Extreme Fear,8-6-2022
1654752600,11,Extreme Fear,9-6-2022
1654839000,13,Extreme Fear,10-6-2022
1654925400,12,Extreme Fear,11-6-2022
1655011800,14,Extreme Fear,12-6-2022
1655098200,11,Extreme Fear,6-13-2022
1655184600,8,Extreme Fear,6-14-2022
1655271000,7,Extreme Fear,6-15-2022
1655357400,7,Extreme Fear,6-16-2022
1655443800,9,Extreme Fear,6-17-2022
1655530200,6,Extreme Fear,6-18-2022
1655616600,6,Extreme Fear,6-19-2022
1655703000,9,Extreme Fear,6-20-2022
1655789400,9,Extreme Fear,6-21-2022
1655875800,11,Extreme Fear,6-22-2022
1655962200,11,Extreme Fear,6-23-2022
1656048600,11,Extreme Fear,6-24-2022
1656135000,14,Extreme Fear,6-25-2022
1656221400,14,Extreme Fear,6-26-2022
1656307800,12,Extreme Fear,6-27-2022
1656394200,10,Extreme Fear,6-28-2022
1656480600,13,Extreme Fear,6-29-2022
1656567000,11,Extreme Fear,6-30-2022
1656653400,11,Extreme Fear,1-7-2022
1656739800,14,Extreme Fear,2-7-2022
1656826200,11,Extreme Fear,3-7-2022
1656912600,14,Extreme Fear,4-7-2022
1656999000,19,Extreme Fear,5-7-2022
1657085400,18,Extreme Fear,6-7-2022
1657171800,18,Extreme Fear,7-7-2022
1657258200,20,Extreme Fear,8-7-2022
1657344600,24,Extreme Fear,9-7-2022
1657431000,24,Extreme Fear,10-7-2022
1657517400,22,Extreme Fear,11-7-2022
1657603800,16,Extreme Fear,12-7-2022
1657690200,15,Extreme Fear,7-13-2022
1657776600,18,Extreme Fear,7-14-2022
1657863000,15,Extreme Fear,7-15-2022
1657949400,21,Extreme Fear,7-16-2022
1658035800,24,Extreme Fear,7-17-2022
1658122200,20,Extreme Fear,7-18-2022
1658208600,30,Fear,7-19-2022
1658295000,31,Fear,7-20-2022
1658381400,34,Fear,7-21-2022
1658467800,33,Fear,7-22-2022
1658554200,31,Fear,7-23-2022
1658640600,30,Fear,7-24-2022
1658727000,30,Fear,7-25-2022
1658813400,26,Fear,7-26-2022
1658899800,28,Fear,7-27-2022
1658986200,32,Fear,7-28-2022
1659072600,39,Fear,7-29-2022
1659159000,42,Fear,7-30-2022
1659245400,39,Fear,7-31-2022
1659331800,33,Fear,1-8-2022
1659418200,31,Fear,2-8-2022
1659504600,34,Fear,3-8-2022
1659591000,30,Fear,4-8-2022
1659677400,31,Fear,5-8-2022
1659763800,31,Fear,6-8-2022
1659850200,30,Fear,7-8-2022
1659936600,30,Fear,8-8-2022
1660023000,42,Fear,9-8-2022
1660109400,31,Fear,10-8-2022
1660195800,41,Fear,11-8-2022
1660282200,42,Fear,12-8-2022
1660368600,46,Neutral,8-13-2022
1660455000,47,Neutral,8-14-2022
1660541400,45,Neutral,8-15-2022
1660627800,44,Fear,8-16-2022
1660714200,41,Fear,8-17-2022
1660800600,30,Fear,8-18-2022
1660887000,33,Fear,8-19-2022
1660973400,29,Fear,8-20-2022
1661059800,27,Fear,8-21-2022
1661146200,29,Fear,8-22-2022
1661232600,28,Fear,8-23-2022
1661319000,25,Fear,8-24-2022
1661405400,25,Fear,8-25-2022
1661491800,27,Fear,8-26-2022
1661578200,28,Fear,8-27-2022
1661664600,28,Fear,8-28-2022
1661751000,24,Extreme Fear,8-29-2022
1661837400,27,Fear,8-30-2022
1661923800,23,Extreme Fear,8-31-2022
1662010200,20,Extreme Fear,1-9-2022
1662096600,25,Fear,2-9-2022
1662183000,21,Extreme Fear,3-9-2022
1662269400,20,Extreme Fear,4-9-2022
1662355800,23,Extreme Fear,5-9-2022
1662442200,22,Extreme Fear,6-9-2022
1662528600,24,Extreme Fear,7-9-2022
1662615000,20,Extreme Fear,8-9-2022
1662701400,22,Extreme Fear,9-9-2022
1662787800,28,Fear,10-9-2022
1662874200,26,Fear,11-9-2022
1662960600,25,Fear,12-9-2022
1663047000,34,Fear,9-13-2022
1663133400,27,Fear,9-14-2022
1663219800,28,Fear,9-15-2022
1663306200,20,Extreme Fear,9-16-2022
1663392600,22,Extreme Fear,9-17-2022
1663479000,27,Fear,9-18-2022
1663565400,21,Extreme Fear,9-19-2022
1663651800,23,Extreme Fear,9-20-2022
1663738200,23,Extreme Fear,9-21-2022
1663824600,22,Extreme Fear,9-22-2022
1663911000,20,Extreme Fear,9-23-2022
1663997400,24,Extreme Fear,9-24-2022
1664083800,24,Extreme Fear,9-25-2022
1664170200,21,Extreme Fear,9-26-2022
1664256600,20,Extreme Fear,9-27-2022
1664343000,20,Extreme Fear,9-28-2022
1664429400,22,Extreme Fear,9-29-2022
1664515800,21,Extreme Fear,9-30-2022
1664602200,20,Extreme Fear,1-10-2022
1664688600,24,Extreme Fear,2-10-2022
1664775000,24,Extreme Fear,3-10-2022
1664861400,20,Extreme Fear,4-10-2022
1664947800,25,Fear,5-10-2022
1665034200,26,Fear,6-10-2022
1665120600,23,Extreme Fear,7-10-2022
1665207000,24,Extreme Fear,8-10-2022
1665293400,22,Extreme Fear,9-10-2022
1665379800,22,Extreme Fear,10-10-2022
1665466200,24,Extreme Fear,11-10-2022
1665552600,20,Extreme Fear,12-10-2022
1665639000,20,Extreme Fear,10-13-2022
1665725400,24,Extreme Fear,10-14-2022
1665811800,24,Extreme Fear,10-15-2022
1665898200,24,Extreme Fear,10-16-2022
1665984600,20,Extreme Fear,10-17-2022
1666071000,22,Extreme Fear,10-18-2022
1666157400,23,Extreme Fear,10-19-2022
1666243800,23,Extreme Fear,10-20-2022
1666330200,23,Extreme Fear,10-21-2022
1666416600,20,Extreme Fear,10-22-2022
1666503000,23,Extreme Fear,10-23-2022
1666589400,22,Extreme Fear,10-24-2022
1666675800,20,Extreme Fear,10-25-2022
1666762200,33,Fear,10-26-2022
1666848600,32,Fear,10-27-2022
1666935000,30,Fear,10-28-2022
1667021400,34,Fear,10-29-2022
1667107800,34,Fear,10-30-2022
1667194200,31,Fear,10-31-2022
1667280600,30,Fear,1-11-2022
1667367000,30,Fear,2-11-2022
1667453400,30,Fear,3-11-2022
1667539800,30,Fear,4-11-2022
1667626200,38,Fear,5-11-2022
1667712600,40,Fear,6-11-2022
1667799000,33,Fear,7-11-2022
1667885400,31,Fear,8-11-2022
1667971800,29,Fear,9-11-2022
1668058200,22,Extreme Fear,10-11-2022
1668144600,25,Fear,11-11-2022
1668231000,21,Extreme Fear,12-11-2022
1668317400,22,Extreme Fear,11-13-2022
1668403800,24,Extreme Fear,11-14-2022
1668490200,22,Extreme Fear,11-15-2022
1668576600,23,Extreme Fear,11-16-2022
1668663000,20,Extreme Fear,11-17-2022
1668749400,23,Extreme Fear,11-18-2022
1668835800,23,Extreme Fear,11-19-2022
1668922200,24,Extreme Fear,11-20-2022
1669008600,21,Extreme Fear,11-21-2022
1669095000,22,Extreme Fear,11-22-2022
1669181400,22,Extreme Fear,11-23-2022
1669267800,20,Extreme Fear,11-24-2022
1669354200,20,Extreme Fear,11-25-2022
1669440600,22,Extreme Fear,11-26-2022
1669527000,26,Fear,11-27-2022
1669613400,28,Fear,11-28-2022
1669699800,26,Fear,11-29-2022
1669786200,29,Fear,11-30-2022
1669872600,27,Fear,1-12-2022
1669959000,27,Fear,2-12-2022
1670045400,27,Fear,3-12-2022
1670131800,26,Fear,4-12-2022
1670218200,26,Fear,5-12-2022
1670304600,25,Fear,6-12-2022
1670391000,29,Fear,7-12-2022
1670477400,25,Fear,8-12-2022
1670563800,26,Fear,9-12-2022
1670650200,27,Fear,10-12-2022
1670736600,26,Fear,11-12-2022
1670823000,27,Fear,12-12-2022
1670909400,27,Fear,12-13-2022
1670995800,30,Fear,12-14-2022
1671082200,31,Fear,12-15-2022
1671168600,29,Fear,12-16-2022
1671255000,28,Fear,12-17-2022
1671341400,26,Fear,12-18-2022
1671427800,29,Fear,12-19-2022
1671514200,29,Fear,12-20-2022
1671600600,26,Fear,12-21-2022
1671687000,28,Fear,12-22-2022
1671773400,27,Fear,12-23-2022
1671859800,29,Fear,12-24-2022
1671946200,29,Fear,12-25-2022
1672032600,28,Fear,12-26-2022
1672119000,27,Fear,12-27-2022
1672205400,28,Fear,12-28-2022
1672291800,28,Fear,12-29-2022
1672378200,28,Fear,12-30-2022
1672464600,25,Fear,12-31-2022
1672551000,26,Fear,1-1-2023
1672637400,27,Fear,2-1-2023
1672723800,26,Fear,3-1-2023
1672810200,29,Fear,4-1-2023
1672896600,29,Fear,5-1-2023
1672983000,26,Fear,6-1-2023
1673069400,25,Fear,7-1-2023
1673155800,25,Fear,8-1-2023
1673242200,25,Fear,9-1-2023
1673328600,26,Fear,10-1-2023
1673415000,26,Fear,11-1-2023
1673501400,30,Fear,12-1-2023
1673587800,31,Fear,1-13-2023
1673674200,46,Neutral,1-14-2023
1673760600,52,Neutral,1-15-2023
1673847000,45,Neutral,1-16-2023
1673933400,51,Neutral,1-17-2023
1674019800,52,Neutral,1-18-2023
1674106200,45,Neutral,1-19-2023
1674192600,51,Neutral,1-20-2023
1674279000,53,Neutral,1-21-2023
1674365400,53,Neutral,1-22-2023
1674451800,50,Neutral,1-23-2023
1674538200,52,Neutral,1-24-2023
1674624600,51,Neutral,1-25-2023
1674711000,54,Neutral,1-26-2023
1674797400,55,Greed,1-27-2023
1674883800,52,Neutral,1-28-2023
1674970200,55,Greed,1-29-2023
1675056600,61,Greed,1-30-2023
1675143000,51,Neutral,1-31-2023
1675229400,56,Greed,1-2-2023
1675315800,60,Greed,2-2-2023
1675402200,60,Greed,3-2-2023
1675488600,58,Greed,4-2-2023
1675575000,58,Greed,5-2-2023
1675661400,56,Greed,6-2-2023
1675747800,54,Neutral,7-2-2023
1675834200,58,Greed,8-2-2023
1675920600,55,Greed,9-2-2023
1676007000,48,Neutral,10-2-2023
1676093400,49,Neutral,11-2-2023
1676179800,50,Neutral,12-2-2023
1676266200,48,Neutral,2-13-2023
1676352600,50,Neutral,2-14-2023
1676439000,53,Neutral,2-15-2023
1676525400,62,Greed,2-16-2023
1676611800,61,Greed,2-17-2023
1676698200,60,Greed,2-18-2023
1676784600,60,Greed,2-19-2023
1676871000,58,Greed,2-20-2023
1676957400,60,Greed,2-21-2023
1677043800,59,Greed,2-22-2023
1677130200,56,Greed,2-23-2023
1677216600,53,Neutral,2-24-2023
1677303000,52,Neutral,2-25-2023
1677389400,51,Neutral,2-26-2023
1677475800,50,Neutral,2-27-2023
1677562200,53,Neutral,2-28-2023
1677648600,50,Neutral,1-3-2023
1677735000,51,Neutral,2-3-2023
1677821400,50,Neutral,3-3-2023
1677907800,50,Neutral,4-3-2023
1677994200,47,Neutral,5-3-2023
1678080600,48,Neutral,6-3-2023
1678167000,49,Neutral,7-3-2023
1678253400,50,Neutral,8-3-2023
1678339800,44,Fear,9-3-2023
1678426200,34,Fear,10-3-2023
1678512600,33,Fear,11-3-2023
1678599000,33,Fear,12-3-2023
1678685400,49,Neutral,3-13-2023
1678771800,56,Greed,3-14-2023
1678858200,50,Neutral,3-15-2023
1678944600,52,Neutral,3-16-2023
1679031000,51,Neutral,3-17-2023
1679117400,64,Greed,3-18-2023
1679203800,63,Greed,3-19-2023
1679290200,66,Greed,3-20-2023
1679376600,68,Greed,3-21-2023
1679463000,62,Greed,3-22-2023
1679549400,57,Greed,3-23-2023
1679635800,61,Greed,3-24-2023
1679722200,64,Greed,3-25-2023
1679808600,64,Greed,3-26-2023
1679895000,64,Greed,3-27-2023
1679981400,59,Greed,3-28-2023
1680067800,57,Greed,3-29-2023
1680154200,60,Greed,3-30-2023
1680240600,63,Greed,3-31-2023
1680327000,61,Greed,1-4-2023
1680413400,63,Greed,2-4-2023
1680499800,63,Greed,3-4-2023
1680586200,62,Greed,4-4-2023
1680672600,62,Greed,5-4-2023
1680759000,63,Greed,6-4-2023
1680845400,64,Greed,7-4-2023
1680931800,61,Greed,8-4-2023
1681018200,61,Greed,9-4-2023
1681104600,62,Greed,10-4-2023
1681191000,68,Greed,11-4-2023
1681277400,65,Greed,12-4-2023
1681363800,61,Greed,4-13-2023
1681450200,68,Greed,4-14-2023
1681536600,68,Greed,4-15-2023
1681623000,68,Greed,4-16-2023
1681709400,69,Greed,4-17-2023
1681795800,58,Greed,4-18-2023
1681882200,63,Greed,4-19-2023
1681968600,52,Neutral,4-20-2023
1682055000,50,Neutral,4-21-2023
1682141400,53,Neutral,4-22-2023
1682227800,56,Greed,4-23-2023
1682314200,53,Neutral,4-24-2023
1682400600,53,Neutral,4-25-2023
1682487000,56,Greed,4-26-2023
1682573400,59,Greed,4-27-2023
1682659800,64,Greed,4-28-2023
1682746200,64,Greed,4-29-2023
1682832600,60,Greed,4-30-2023
1682919000,63,Greed,1-5-2023
1683005400,55,Greed,2-5-2023
1683091800,64,Greed,3-5-2023
1683178200,64,Greed,4-5-2023
1683264600,61,Greed,5-5-2023
1683351000,60,Greed,6-5-2023
1683437400,64,Greed,7-5-2023
1683523800,60,Greed,8-5-2023
1683610200,51,Neutral,9-5-2023
1683696600,52,Neutral,10-5-2023
1683783000,52,Neutral,11-5-2023
1683869400,49,Neutral,12-5-2023
1683955800,48,Neutral,5-13-2023
1684042200,48,Neutral,5-14-2023
1684128600,50,Neutral,5-15-2023
1684215000,54,Neutral,5-16-2023
1684301400,50,Neutral,5-17-2023
1684387800,51,Neutral,5-18-2023
1684474200,48,Neutral,5-19-2023
1684560600,48,Neutral,5-20-2023
1684647000,52,Neutral,5-21-2023
1684733400,49,Neutral,5-22-2023
1684819800,50,Neutral,5-23-2023
1684906200,50,Neutral,5-24-2023
1684992600,51,Neutral,5-25-2023
1685079000,49,Neutral,5-26-2023
1685165400,48,Neutral,5-27-2023
1685251800,50,Neutral,5-28-2023
1685338200,52,Neutral,5-29-2023
1685424600,51,Neutral,5-30-2023
1685511000,51,Neutral,5-31-2023
1685597400,52,Neutral,1-6-2023
1685683800,50,Neutral,2-6-2023
1685770200,53,Neutral,3-6-2023
1685856600,52,Neutral,4-6-2023
1685943000,53,Neutral,5-6-2023
1686029400,44,Fear,6-6-2023
1686115800,53,Neutral,7-6-2023
1686202200,50,Neutral,8-6-2023
1686288600,50,Neutral,9-6-2023
1686375000,49,Neutral,10-6-2023
1686461400,47,Neutral,11-6-2023
1686547800,47,Neutral,12-6-2023
1686634200,45,Neutral,6-13-2023
1686720600,46,Neutral,6-14-2023
1686807000,41,Fear,6-15-2023
1686893400,47,Neutral,6-16-2023
1686979800,47,Neutral,6-17-2023
1687066200,49,Neutral,6-18-2023
1687152600,47,Neutral,6-19-2023
1687239000,49,Neutral,6-20-2023
1687325400,59,Greed,6-21-2023
1687411800,65,Greed,6-22-2023
1687498200,65,Greed,6-23-2023
1687584600,62,Greed,6-24-2023
1687671000,64,Greed,6-25-2023
1687757400,55,Greed,6-26-2023
1687843800,59,Greed,6-27-2023
1687930200,62,Greed,6-28-2023
1688016600,54,Neutral,6-29-2023
1688103000,56,Greed,6-30-2023
1688189400,59,Greed,1-7-2023
1688275800,63,Greed,2-7-2023
1688362200,62,Greed,3-7-2023
1688448600,64,Greed,4-7-2023
1688535000,61,Greed,5-7-2023
1688621400,56,Greed,6-7-2023
1688707800,55,Greed,7-7-2023
1688794200,58,Greed,8-7-2023
1688880600,55,Greed,9-7-2023
1688967000,56,Greed,10-7-2023
1689053400,57,Greed,11-7-2023
1689139800,64,Greed,12-7-2023
1689226200,57,Greed,7-13-2023
1689312600,60,Greed,7-14-2023
1689399000,56,Greed,7-15-2023
1689485400,57,Greed,7-16-2023
1689571800,54,Neutral,7-17-2023
1689658200,56,Greed,7-18-2023
1689744600,50,Neutral,7-19-2023
1689831000,56,Greed,7-20-2023
1689917400,50,Neutral,7-21-2023
1690003800,52,Neutral,7-22-2023
1690090200,54,Neutral,7-23-2023
1690176600,55,Greed,7-24-2023
1690263000,50,Neutral,7-25-2023
1690349400,51,Neutral,7-26-2023
1690435800,51,Neutral,7-27-2023
1690522200,52,Neutral,7-28-2023
1690608600,52,Neutral,7-29-2023
1690695000,52,Neutral,7-30-2023
1690781400,50,Neutral,7-31-2023
1690867800,53,Neutral,1-8-2023
1690954200,53,Neutral,2-8-2023
1691040600,52,Neutral,3-8-2023
1691127000,54,Neutral,4-8-2023
1691213400,50,Neutral,5-8-2023
1691299800,49,Neutral,6-8-2023
1691386200,49,Neutral,7-8-2023
1691472600,54,Neutral,8-8-2023
1691559000,50,Neutral,9-8-2023
1691645400,53,Neutral,10-8-2023
1691731800,51,Neutral,11-8-2023
1691818200,54,Neutral,12-8-2023
1691904600,54,Neutral,8-13-2023
1691991000,50,Neutral,8-14-2023
1692077400,53,Neutral,8-15-2023
1692163800,52,Neutral,8-16-2023
1692250200,50,Neutral,8-17-2023
1692336600,37,Fear,8-18-2023
1692423000,39,Fear,8-19-2023
1692509400,37,Fear,8-20-2023
1692595800,38,Fear,8-21-2023
1692682200,37,Fear,8-22-2023
1692768600,37,Fear,8-23-2023
1692855000,41,Fear,8-24-2023
1692941400,39,Fear,8-25-2023
1693027800,38,Fear,8-26-2023
1693114200,38,Fear,8-27-2023
1693200600,39,Fear,8-28-2023
1693287000,39,Fear,8-29-2023
1693373400,49,Neutral,8-30-2023
1693459800,52,Neutral,8-31-2023
1693546200,40,Fear,1-9-2023
1693632600,39,Fear,2-9-2023
1693719000,40,Fear,3-9-2023
1693805400,40,Fear,4-9-2023
1693891800,40,Fear,5-9-2023
1693978200,42,Fear,6-9-2023
1694064600,41,Fear,7-9-2023
1694151000,46,Neutral,8-9-2023
1694237400,41,Fear,9-9-2023
1694323800,40,Fear,10-9-2023
1694410200,40,Fear,11-9-2023
1694496600,30,Fear,12-9-2023
1694583000,41,Fear,9-13-2023
1694669400,45,Neutral,9-14-2023
1694755800,45,Neutral,9-15-2023
1694842200,43,Fear,9-16-2023
1694928600,46,Neutral,9-17-2023
1695015000,46,Neutral,9-18-2023
1695101400,46,Neutral,9-19-2023
1695187800,47,Neutral,9-20-2023
1695274200,47,Neutral,9-21-2023
1695360600,43,Fear,9-22-2023
1695447000,47,Neutral,9-23-2023
1695533400,44,Fear,9-24-2023
1695619800,47,Neutral,9-25-2023
1695706200,46,Neutral,9-26-2023
1695792600,44,Fear,9-27-2023
1695879000,46,Neutral,9-28-2023
1695965400,48,Neutral,9-29-2023
1696051800,47,Neutral,9-30-2023
1696138200,48,Neutral,1-10-2023
1696224600,50,Neutral,2-10-2023
1696311000,50,Neutral,3-10-2023
1696397400,49,Neutral,4-10-2023
1696483800,48,Neutral,5-10-2023
1696570200,50,Neutral,6-10-2023
1696656600,49,Neutral,7-10-2023
1696743000,50,Neutral,8-10-2023
1696829400,50,Neutral,9-10-2023
1696915800,50,Neutral,10-10-2023
1697002200,47,Neutral,11-10-2023
1697088600,45,Neutral,12-10-2023
1697175000,44,Fear,10-13-2023
1697261400,47,Neutral,10-14-2023
1697347800,45,Neutral,10-15-2023
1697434200,47,Neutral,10-16-2023
1697520600,52,Neutral,10-17-2023
1697607000,50,Neutral,10-18-2023
1697693400,52,Neutral,10-19-2023
1697779800,53,Neutral,10-20-2023
1697866200,63,Greed,10-21-2023
1697952600,53,Neutral,10-22-2023
1698039000,53,Neutral,10-23-2023
1698125400,66,Greed,10-24-2023
1698211800,72,Greed,10-25-2023
1698298200,71,Greed,10-26-2023
1698384600,70,Greed,10-27-2023
1698471000,65,Greed,10-28-2023
1698557400,72,Greed,10-29-2023
1698643800,68,Greed,10-30-2023
1698730200,66,Greed,10-31-2023
1698816600,66,Greed,1-11-2023
1698903000,72,Greed,2-11-2023
1698989400,65,Greed,3-11-2023
1699075800,68,Greed,4-11-2023
1699162200,70,Greed,5-11-2023
1699248600,74,Greed,6-11-2023
1699335000,68,Greed,7-11-2023
1699421400,66,Greed,8-11-2023
1699507800,69,Greed,9-11-2023
1699594200,70,Greed,10-11-2023
1699680600,70,Greed,11-11-2023
1699767000,73,Greed,12-11-2023
1699853400,72,Greed,11-13-2023
1699939800,69,Greed,11-14-2023
1700026200,60,Greed,11-15-2023
1700112600,70,Greed,11-16-2023
1700199000,63,Greed,11-17-2023
1700285400,69,Greed,11-18-2023
1700371800,66,Greed,11-19-2023
1700458200,69,Greed,11-20-2023
1700544600,71,Greed,11-21-2023
1700631000,62,Greed,11-22-2023
1700717400,66,Greed,11-23-2023
1700803800,66,Greed,11-24-2023
1700890200,73,Greed,11-25-2023
1700976600,73,Greed,11-26-2023
1701063000,66,Greed,11-27-2023
1701149400,68,Greed,11-28-2023
1701235800,72,Greed,11-29-2023
1701322200,74,Greed,11-30-2023
1701408600,71,Greed,1-12-2023
1701495000,74,Greed,2-12-2023
1701581400,73,Greed,3-12-2023
1701667800,74,Greed,4-12-2023
1701754200,75,Extreme Greed,5-12-2023
1701840600,72,Greed,6-12-2023
1701927000,72,Greed,7-12-2023
1702013400,72,Greed,8-12-2023
1702099800,73,Greed,9-12-2023
1702186200,74,Greed,10-12-2023
1702272600,74,Greed,11-12-2023
1702359000,67,Greed,12-12-2023
1702445400,65,Greed,12-13-2023
1702531800,72,Greed,12-14-2023
1702618200,70,Greed,12-15-2023
1702704600,67,Greed,12-16-2023
1702791000,73,Greed,12-17-2023
1702877400,65,Greed,12-18-2023
1702963800,73,Greed,12-19-2023
1703050200,74,Greed,12-20-2023
1703136600,70,Greed,12-21-2023
1703223000,74,Greed,12-22-2023
1703309400,70,Greed,12-23-2023
1703395800,71,Greed,12-24-2023
1703482200,73,Greed,12-25-2023
1703568600,71,Greed,12-26-2023
1703655000,73,Greed,12-27-2023
1703741400,73,Greed,12-28-2023
1703827800,65,Greed,12-29-2023
1703914200,68,Greed,12-30-2023
1704000600,67,Greed,12-31-2023
1704087000,65,Greed,1-1-2024
1704173400,71,Greed,2-1-2024
1704259800,70,Greed,3-1-2024
1704346200,68,Greed,4-1-2024
1704432600,72,Greed,5-1-2024
1704519000,70,Greed,6-1-2024
1704605400,71,Greed,7-1-2024
1704691800,71,Greed,8-1-2024
1704778200,76,Extreme Greed,9-1-2024
1704864600,73,Greed,10-1-2024
1704951000,76,Extreme Greed,11-1-2024
1705037400,71,Greed,12-1-2024
1705123800,64,Greed,1-13-2024
1705210200,60,Greed,1-14-2024
1705296600,52,Neutral,1-15-2024
1705383000,64,Greed,1-16-2024
1705469400,60,Greed,1-17-2024
1705555800,63,Greed,1-18-2024
1705642200,51,Neutral,1-19-2024
1705728600,52,Neutral,1-20-2024
1705815000,56,Greed,1-21-2024
1705901400,55,Greed,1-22-2024
1705987800,50,Neutral,1-23-2024
1706074200,48,Neutral,1-24-2024
1706160600,52,Neutral,1-25-2024
1706247000,49,Neutral,1-26-2024
1706333400,55,Greed,1-27-2024
1706419800,54,Neutral,1-28-2024
1706506200,55,Greed,1-29-2024
1706592600,61,Greed,1-30-2024
1706679000,60,Greed,1-31-2024
1706765400,63,Greed,1-2-2024
1706851800,63,Greed,2-2-2024
1706938200,60,Greed,3-2-2024
1707024600,60,Greed,4-2-2024
1707111000,60,Greed,5-2-2024
1707197400,64,Greed,6-2-2024
1707283800,62,Greed,7-2-2024
1707370200,66,Greed,8-2-2024
1707456600,72,Greed,9-2-2024
1707543000,74,Greed,10-2-2024
1707629400,71,Greed,11-2-2024
1707715800,70,Greed,12-2-2024
1707802200,79,Extreme Greed,2-13-2024
1707888600,74,Greed,2-14-2024
1707975000,72,Greed,2-15-2024
1708061400,72,Greed,2-16-2024
1708147800,76,Extreme Greed,2-17-2024
1708234200,72,Greed,2-18-2024
1708320600,75,Extreme Greed,2-19-2024
1708407000,72,Greed,2-20-2024
1708493400,78,Extreme Greed,2-21-2024
1708579800,74,Greed,2-22-2024
1708666200,76,Extreme Greed,2-23-2024
1708752600,72,Greed,2-24-2024
1708839000,74,Greed,2-25-2024
1708925400,72,Greed,2-26-2024
1709011800,79,Extreme Greed,2-27-2024
1709098200,82,Extreme Greed,2-28-2024
1709184600,80,Extreme Greed,2-29-2024
1709271000,80,Extreme Greed,1-3-2024
1709357400,80,Extreme Greed,2-3-2024
1709443800,83,Extreme Greed,3-3-2024
1709530200,82,Extreme Greed,4-3-2024
1709616600,90,Extreme Greed,5-3-2024
1709703000,75,Extreme Greed,6-3-2024
1709789400,82,Extreme Greed,7-3-2024
1709875800,81,Extreme Greed,8-3-2024
1709962200,84,Extreme Greed,9-3-2024
1710048600,79,Extreme Greed,10-3-2024
1710135000,82,Extreme Greed,11-3-2024
1710221400,81,Extreme Greed,12-3-2024
1710307800,81,Extreme Greed,3-13-2024
1710394200,88,Extreme Greed,3-14-2024
1710480600,83,Extreme Greed,3-15-2024
1710567000,81,Extreme Greed,3-16-2024
1710653400,79,Extreme Greed,3-17-2024
1710739800,77,Extreme Greed,3-18-2024
1710826200,79,Extreme Greed,3-19-2024
1710912600,74,Greed,3-20-2024
1710999000,78,Extreme Greed,3-21-2024
1711085400,75,Extreme Greed,3-22-2024
1711171800,73,Greed,3-23-2024
1711258200,74,Greed,3-24-2024
1711344600,75,Extreme Greed,3-25-2024
1711431000,81,Extreme Greed,3-26-2024
1711517400,83,Extreme Greed,3-27-2024
1711603800,80,Extreme Greed,3-28-2024
1711690200,79,Extreme Greed,3-29-2024
1711776600,75,Extreme Greed,3-30-2024
1711863000,75,Extreme Greed,3-31-2024
1711949400,79,Extreme Greed,1-4-2024
1712035800,79,Extreme Greed,2-4-2024
1712122200,71,Greed,3-4-2024
1712208600,70,Greed,4-4-2024
1712295000,79,Extreme Greed,5-4-2024
1712381400,75,Extreme Greed,6-4-2024
1712467800,78,Extreme Greed,7-4-2024
1712554200,76,Extreme Greed,8-4-2024
1712640600,80,Extreme Greed,9-4-2024
1712727000,78,Extreme Greed,10-4-2024
1712813400,76,Extreme Greed,11-4-2024
1712899800,79,Extreme Greed,12-4-2024
1712986200,72,Greed,4-13-2024
1713072600,72,Greed,4-14-2024
1713159000,74,Greed,4-15-2024
1713245400,65,Greed,4-16-2024
1713331800,67,Greed,4-17-2024
1713418200,57,Greed,4-18-2024
1713504600,66,Greed,4-19-2024
1713591000,66,Greed,4-20-2024
1713677400,72,Greed,4-21-2024
1713763800,73,Greed,4-22-2024
1713850200,71,Greed,4-23-2024
1713936600,72,Greed,4-24-2024
1714023000,72,Greed,4-25-2024
1714109400,70,Greed,4-26-2024
1714195800,67,Greed,4-27-2024
1714282200,65,Greed,4-28-2024
1714368600,67,Greed,4-29-2024
1714455000,67,Greed,4-30-2024
1714541400,54,Neutral,1-5-2024
1714627800,43,Fear,2-5-2024
1714714200,48,Neutral,3-5-2024
1714800600,67,Greed,4-5-2024
1714887000,69,Greed,5-5-2024
1714973400,71,Greed,6-5-2024
1715059800,68,Greed,7-5-2024
1715146200,64,Greed,8-5-2024
1715232600,55,Greed,9-5-2024
1715319000,66,Greed,10-5-2024
1715405400,53,Neutral,11-5-2024
1715491800,56,Greed,12-5-2024
1715578200,57,Greed,5-13-2024
1715664600,66,Greed,5-14-2024
1715751000,64,Greed,5-15-2024
1715837400,70,Greed,5-16-2024
1715923800,74,Greed,5-17-2024
1716010200,73,Greed,5-18-2024
1716096600,72,Greed,5-19-2024
1716183000,70,Greed,5-20-2024
1716269400,76,Extreme Greed,5-21-2024
1716355800,76,Extreme Greed,5-22-2024
1716442200,76,Extreme Greed,5-23-2024
1716528600,74,Greed,5-24-2024
1716615000,76,Extreme Greed,5-25-2024
1716701400,75,Extreme Greed,5-26-2024
1716787800,74,Greed,5-27-2024
1716874200,72,Greed,5-28-2024
1716960600,72,Greed,5-29-2024
1717047000,73,Greed,5-30-2024
1717133400,73,Greed,5-31-2024
1717219800,72,Greed,1-6-2024
1717306200,73,Greed,2-6-2024
1717392600,73,Greed,3-6-2024
1717479000,73,Greed,4-6-2024
1717565400,75,Extreme Greed,5-6-2024
1717651800,78,Extreme Greed,6-6-2024
1717738200,77,Extreme Greed,7-6-2024
1717824600,72,Greed,8-6-2024
1717911000,75,Extreme Greed,9-6-2024
1717997400,72,Greed,10-6-2024
1718083800,74,Greed,11-6-2024
1718170200,72,Greed,12-6-2024
1718256600,70,Greed,6-13-2024
1718343000,74,Greed,6-14-2024
1718429400,74,Greed,6-15-2024
1718515800,71,Greed,6-16-2024
1718602200,71,Greed,6-17-2024
1718688600,74,Greed,6-18-2024
1718775000,64,Greed,6-19-2024
1718861400,60,Greed,6-20-2024
1718947800,63,Greed,6-21-2024
1719034200,53,Neutral,6-22-2024
1719120600,55,Greed,6-23-2024
1719207000,51,Neutral,6-24-2024
1719293400,30,Fear,6-25-2024
1719379800,46,Neutral,6-26-2024
1719466200,40,Fear,6-27-2024
1719552600,47,Neutral,6-28-2024
1719639000,30,Fear,6-29-2024
1719725400,47,Neutral,6-30-2024
1719811800,53,Neutral,1-7-2024
1719898200,51,Neutral,2-7-2024
1719984600,50,Neutral,3-7-2024
1720071000,44,Fear,4-7-2024
1720157400,29,Fear,5-7-2024
1720243800,26,Fear,6-7-2024
1720330200,29,Fear,7-7-2024
1720416600,28,Fear,8-7-2024
1720503000,27,Fear,9-7-2024
1720589400,28,Fear,10-7-2024
1720675800,29,Fear,11-7-2024
1720762200,25,Fear,12-7-2024
1720848600,25,Fear,7-13-2024
1720935000,33,Fear,7-14-2024
1721021400,52,Neutral,7-15-2024
1721107800,65,Greed,7-16-2024
1721194200,69,Greed,7-17-2024
1721280600,61,Greed,7-18-2024
1721367000,60,Greed,7-19-2024
1721453400,74,Greed,7-20-2024
1721539800,74,Greed,7-21-2024
1721626200,70,Greed,7-22-2024
1721712600,71,Greed,7-23-2024
1721799000,69,Greed,7-24-2024
1721885400,68,Greed,7-25-2024
1721971800,68,Greed,7-26-2024
1722058200,72,Greed,7-27-2024
1722144600,71,Greed,7-28-2024
1722231000,74,Greed,7-29-2024
1722317400,67,Greed,7-30-2024
1722403800,61,Greed,7-31-2024
1722490200,52,Neutral,1-8-2024
1722576600,57,Greed,2-8-2024
1722663000,37,Fear,3-8-2024
1722749400,34,Fear,4-8-2024
1722835800,26,Fear,5-8-2024
1722922200,17,Extreme Fear,6-8-2024
1723008600,29,Fear,7-8-2024
1723095000,20,Extreme Fear,8-8-2024
1723181400,48,Neutral,9-8-2024
1723267800,40,Fear,10-8-2024
1723354200,39,Fear,11-8-2024
1723440600,25,Fear,12-8-2024
1723527000,31,Fear,8-13-2024
1723613400,30,Fear,8-14-2024
1723699800,29,Fear,8-15-2024
1723786200,27,Fear,8-16-2024
1723872600,25,Fear,8-17-2024
1723959000,31,Fear,8-18-2024
1724045400,28,Fear,8-19-2024
1724131800,30,Fear,8-20-2024
1724218200,26,Fear,8-21-2024
1724304600,39,Fear,8-22-2024
1724391000,34,Fear,8-23-2024
1724477400,56,Greed,8-24-2024
1724563800,54,Neutral,8-25-2024
1724650200,55,Greed,8-26-2024
1724736600,48,Neutral,8-27-2024
1724823000,30,Fear,8-28-2024
1724909400,29,Fear,8-29-2024
1724995800,34,Fear,8-30-2024
1725082200,29,Fear,8-31-2024
1725168600,26,Fear,1-9-2024
1725255000,26,Fear,2-9-2024
1725341400,26,Fear,3-9-2024
1725427800,27,Fear,4-9-2024
1725514200,29,Fear,5-9-2024
1725600600,22,Extreme Fear,6-9-2024
1725687000,23,Extreme Fear,7-9-2024
1725773400,29,Fear,8-9-2024
1725859800,26,Fear,9-9-2024
1725946200,33,Fear,10-9-2024
1726032600,37,Fear,11-9-2024
1726119000,31,Fear,12-9-2024
1726205400,32,Fear,9-13-2024
1726291800,50,Neutral,9-14-2024
1726378200,51,Neutral,9-15-2024
1726464600,39,Fear,9-16-2024
1726551000,33,Fear,9-17-2024
1726637400,45,Neutral,9-18-2024
1726723800,49,Neutral,9-19-2024
1726810200,54,Neutral,9-20-2024
1726896600,54,Neutral,9-21-2024
1726983000,52,Neutral,9-22-2024
1727069400,50,Neutral,9-23-2024
1727155800,54,Neutral,9-24-2024
1727242200,59,Greed,9-25-2024
1727328600,50,Neutral,9-26-2024
1727415000,61,Greed,9-27-2024
1727501400,64,Greed,9-28-2024
1727587800,63,Greed,9-29-2024
1727674200,61,Greed,9-30-2024
1727760600,50,Neutral,1-10-2024
1727847000,42,Fear,2-10-2024
1727933400,37,Fear,3-10-2024
1728019800,41,Fear,4-10-2024
1728106200,49,Neutral,5-10-2024
1728192600,50,Neutral,6-10-2024
1728279000,50,Neutral,7-10-2024
1728365400,49,Neutral,8-10-2024
1728451800,49,Neutral,9-10-2024
1728538200,39,Fear,10-10-2024
1728624600,32,Fear,11-10-2024
1728711000,49,Neutral,12-10-2024
1728797400,50,Neutral,10-13-2024
1728883800,48,Neutral,10-14-2024
1728970200,65,Greed,10-15-2024
1729056600,73,Greed,10-16-2024
1729143000,71,Greed,10-17-2024
1729229400,73,Greed,10-18-2024
1729315800,72,Greed,10-19-2024
1729402200,73,Greed,10-20-2024
1729488600,72,Greed,10-21-2024
1729575000,70,Greed,10-22-2024
1729661400,71,Greed,10-23-2024
1729747800,69,Greed,10-24-2024
1729834200,72,Greed,10-25-2024
1730007000,74,Greed,10-27-2024
1730093400,72,Greed,10-28-2024
1730179800,72,Greed,10-29-2024
1730266200,77,Extreme Greed,10-30-2024
1730352600,77,Extreme Greed,10-31-2024
1730439000,75,Extreme Greed,1-11-2024
1730525400,72,Greed,2-11-2024
1730611800,74,Greed,3-11-2024
1730698200,70,Greed,4-11-2024
1730784600,70,Greed,5-11-2024
1730871000,70,Greed,6-11-2024
1730957400,77,Extreme Greed,7-11-2024
1731043800,75,Extreme Greed,8-11-2024
1731130200,75,Extreme Greed,9-11-2024
1731216600,78,Extreme Greed,10-11-2024
1731303000,76,Extreme Greed,11-11-2024
1731389400,80,Extreme Greed,12-11-2024
1731475800,84,Extreme Greed,11-13-2024
1731562200,88,Extreme Greed,11-14-2024
1731648600,80,Extreme Greed,11-15-2024
1731735000,86,Extreme Greed,11-16-2024
1731821400,90,Extreme Greed,11-17-2024
1731907800,83,Extreme Greed,11-18-2024
1731994200,90,Extreme Greed,11-19-2024
1732080600,83,Extreme Greed,11-20-2024
1732167000,82,Extreme Greed,11-21-2024
1732253400,94,Extreme Greed,11-22-2024
1732339800,93,Extreme Greed,11-23-2024
1732426200,80,Extreme Greed,11-24-2024
1732512600,82,Extreme Greed,11-25-2024
1732599000,79,Extreme Greed,11-26-2024
1732685400,75,Extreme Greed,11-27-2024
1732771800,77,Extreme Greed,11-28-2024
1732858200,78,Extreme Greed,11-29-2024
1732944600,84,Extreme Greed,11-30-2024
1733031000,81,Extreme Greed,1-12-2024
1733117400,80,Extreme Greed,2-12-2024
1733203800,76,Extreme Greed,3-12-2024
1733290200,78,Extreme Greed,4-12-2024
1733376600,84,Extreme Greed,5-12-2024
1733463000,72,Greed,6-12-2024
1733549400,75,Extreme Greed,7-12-2024
1733635800,79,Extreme Greed,8-12-2024
1733722200,78,Extreme Greed,9-12-2024
1733808600,78,Extreme Greed,10-12-2024
1733895000,74,Greed,11-12-2024
1733981400,83,Extreme Greed,12-12-2024
1734067800,76,Extreme Greed,12-13-2024
1734154200,83,Extreme Greed,12-14-2024
1734240600,80,Extreme Greed,12-15-2024
1734327000,83,Extreme Greed,12-16-2024
1734413400,87,Extreme Greed,12-17-2024
1734499800,81,Extreme Greed,12-18-2024
1734586200,75,Extreme Greed,12-19-2024
1734672600,74,Greed,12-20-2024
1734759000,73,Greed,12-21-2024
1734845400,73,Greed,12-22-2024
1734931800,70,Greed,12-23-2024
1735018200,73,Greed,12-24-2024
1735104600,73,Greed,12-25-2024
1735191000,79,Extreme Greed,12-26-2024
1735277400,74,Greed,12-27-2024
1735363800,72,Greed,12-28-2024
1735450200,73,Greed,12-29-2024
1735536600,65,Greed,12-30-2024
1735623000,64,Greed,12-31-2024
1735709400,66,Greed,1-1-2025
1735795800,70,Greed,2-1-2025
1735882200,74,Greed,3-1-2025
1735968600,73,Greed,4-1-2025
1736055000,72,Greed,5-1-2025
1736141400,76,Extreme Greed,6-1-2025
1736227800,78,Extreme Greed,7-1-2025
1736314200,70,Greed,8-1-2025
1736400600,69,Greed,9-1-2025
1736487000,50,Neutral,10-1-2025
1736573400,69,Greed,11-1-2025
1736659800,62,Greed,12-1-2025
1736746200,61,Greed,1-13-2025
1736832600,63,Greed,1-14-2025
1736919000,70,Greed,1-15-2025
1737005400,75,Extreme Greed,1-16-2025
1737091800,75,Extreme Greed,1-17-2025
1737178200,77,Extreme Greed,1-18-2025
1737264600,77,Extreme Greed,1-19-2025
1737351000,76,Extreme Greed,1-20-2025
1737437400,76,Extreme Greed,1-21-2025
1737523800,84,Extreme Greed,1-22-2025
1737610200,75,Extreme Greed,1-23-2025
1737696600,75,Extreme Greed,1-24-2025
1737783000,75,Extreme Greed,1-25-2025
1737869400,73,Greed,1-26-2025
1737955800,71,Greed,1-27-2025
1738042200,72,Greed,1-28-2025
1738128600,72,Greed,1-29-2025
1738215000,70,Greed,1-30-2025
1738301400,76,Extreme Greed,1-31-2025
1738387800,68,Greed,1-2-2025
1738474200,60,Greed,2-2-2025
1738560600,44,Fear,3-2-2025
1738647000,72,Greed,4-2-2025
1738733400,54,Neutral,5-2-2025
1738819800,49,Neutral,6-2-2025
1738906200,44,Fear,7-2-2025
1738992600,44,Fear,8-2-2025
1739079000,46,Neutral,9-2-2025
1739165400,43,Fear,10-2-2025
1739251800,47,Neutral,11-2-2025
1739338200,46,Neutral,12-2-2025
1739424600,50,Neutral,2-13-2025
1739511000,48,Neutral,2-14-2025
1739597400,50,Neutral,2-15-2025
1739683800,54,Neutral,2-16-2025
1739770200,51,Neutral,2-17-2025
1739856600,47,Neutral,2-18-2025
1739943000,44,Fear,2-19-2025
1740029400,49,Neutral,2-20-2025
1740115800,55,Greed,2-21-2025
1740202200,49,Neutral,2-22-2025
1740288600,50,Neutral,2-23-2025
1740375000,49,Neutral,2-24-2025
1740461400,25,Fear,2-25-2025
1740547800,21,Extreme Fear,2-26-2025
1740634200,10,Extreme Fear,2-27-2025
1740720600,16,Extreme Fear,2-28-2025
1740807000,20,Extreme Fear,1-3-2025
1740893400,26,Fear,2-3-2025
1740979800,33,Fear,3-3-2025
1741066200,15,Extreme Fear,4-3-2025
1741152600,20,Extreme Fear,5-3-2025
1741239000,25,Fear,6-3-2025
1741325400,34,Fear,7-3-2025
1741411800,28,Fear,8-3-2025
1741498200,27,Fear,9-3-2025
1741584600,20,Extreme Fear,10-3-2025
1741671000,24,Extreme Fear,11-3-2025
1741757400,34,Fear,12-3-2025
1741843800,45,Neutral,3-13-2025
1741930200,27,Fear,3-14-2025
1742016600,46,Neutral,3-15-2025
1742103000,30,Fear,3-16-2025
1742189400,32,Fear,3-17-2025
1742275800,34,Fear,3-18-2025
1742362200,32,Fear,3-19-2025
1742448600,49,Neutral,3-20-2025
1742535000,31,Fear,3-21-2025
1742621400,32,Fear,3-22-2025
1742707800,30,Fear,3-23-2025
1742794200,45,Neutral,3-24-2025
1742880600,46,Neutral,3-25-2025
1742967000,47,Neutral,3-26-2025
1743053400,40,Fear,3-27-2025
1743139800,44,Fear,3-28-2025
1743226200,26,Fear,3-29-2025
1743312600,32,Fear,3-30-2025
1743399000,34,Fear,3-31-2025
1743485400,34,Fear,1-4-2025
1743571800,44,Fear,2-4-2025
1743658200,25,Fear,3-4-2025
1743744600,28,Fear,4-4-2025
1743831000,30,Fear,5-4-2025
1743917400,34,Fear,6-4-2025
1744003800,23,Extreme Fear,7-4-2025
1744090200,24,Extreme Fear,8-4-2025
1744176600,18,Extreme Fear,9-4-2025
1744263000,39,Fear,10-4-2025
1744349400,25,Fear,11-4-2025
1744435800,43,Fear,12-4-2025
1744522200,45,Neutral,4-13-2025
1744608600,31,Fear,4-14-2025
1744695000,38,Fear,4-15-2025
1744781400,29,Fear,4-16-2025
1744867800,30,Fear,4-17-2025
1744954200,33,Fear,4-18-2025
1745040600,32,Fear,4-19-2025
1745127000,37,Fear,4-20-2025
1745213400,39,Fear,4-21-2025
1745299800,47,Neutral,4-22-2025
1745386200,72,Greed,4-23-2025
1745472600,63,Greed,4-24-2025
1745559000,60,Greed,4-25-2025
1745645400,65,Greed,4-26-2025
1745731800,61,Greed,4-27-2025
1745818200,54,Neutral,4-28-2025
1745904600,60,Greed,4-29-2025
1745991000,56,Greed,4-30-2025
1746077400,53,Neutral,1-5-2025
1746163800,67,Greed,2-5-2025
